0 verbose cli /Users/mohammed.ali/.nvm/versions/node/v22.23.1/bin/node /Users/mohammed.ali/.nvm/versions/node/v22.23.1/bin/npm
1 info using npm@10.9.8
2 info using node@v22.23.1
3 silly config load:file:/Users/mohammed.ali/.nvm/versions/node/v22.23.1/lib/node_modules/npm/npmrc
4 silly config load:file:/Users/mohammed.ali/team6-frontend/.npmrc
5 silly config load:file:/Users/mohammed.ali/.npmrc
6 silly config load:file:/Users/mohammed.ali/.nvm/versions/node/v22.23.1/etc/npmrc
7 verbose title npm install multer form-data @types/multer
8 verbose argv "install" "multer" "form-data" "@types/multer" "--cache" ".npm-cache"
9 verbose logfile logs-max:10 dir:/Users/mohammed.ali/team6-frontend/.npm-cache/_logs/2026-08-12T15_26_19_512Z-
10 verbose logfile /Users/mohammed.ali/team6-frontend/.npm-cache/_logs/2026-08-12T15_26_19_512Z-debug-0.log
11 silly logfile done cleaning log files
12 silly packumentCache heap:4345298944 maxSize:1086324736 maxEntrySize:543162368
13 silly idealTree buildDeps
14 silly fetch manifest multer@*
15 silly packumentCache full:https://registry.npmjs.org/multer cache-miss
16 http fetch GET 200 https://registry.npmjs.org/multer 81ms (cache miss)
17 silly packumentCache full:https://registry.npmjs.org/multer set size:undefined disposed:false
18 silly fetch manifest form-data@*
19 silly packumentCache full:https://registry.npmjs.org/form-data cache-miss
20 http fetch GET 200 https://registry.npmjs.org/form-data 31ms (cache miss)
21 silly packumentCache full:https://registry.npmjs.org/form-data set size:undefined disposed:false
22 silly fetch manifest @types/multer@*
23 silly packumentCache full:https://registry.npmjs.org/@types%2fmulter cache-miss
24 http fetch GET 200 https://registry.npmjs.org/npm 190ms
25 http fetch GET 200 https://registry.npmjs.org/@types%2fmulter 39ms (cache miss)
26 silly packumentCache full:https://registry.npmjs.org/@types%2fmulter set size:undefined disposed:false
27 silly placeDep ROOT @types/multer@2.2.0 OK for: team6-frontend@1.0.0 want: *
28 silly placeDep ROOT form-data@4.0.6 REPLACE for: team6-frontend@1.0.0 want: *
29 silly placeDep ROOT multer@2.2.0 OK for: team6-frontend@1.0.0 want: *
30 silly fetch manifest append-field@^1.0.0
31 silly packumentCache full:https://registry.npmjs.org/append-field cache-miss
32 silly fetch manifest busboy@^1.6.0
33 silly packumentCache full:https://registry.npmjs.org/busboy cache-miss
34 silly fetch manifest concat-stream@^2.0.0
35 silly packumentCache full:https://registry.npmjs.org/concat-stream cache-miss
36 silly fetch manifest type-is@^1.6.18
37 silly packumentCache full:https://registry.npmjs.org/type-is cache-miss
38 http fetch GET 200 https://registry.npmjs.org/append-field 38ms (cache miss)
39 silly packumentCache full:https://registry.npmjs.org/append-field set size:undefined disposed:false
40 http fetch GET 200 https://registry.npmjs.org/concat-stream 65ms (cache miss)
41 silly packumentCache full:https://registry.npmjs.org/concat-stream set size:undefined disposed:false
42 http fetch GET 200 https://registry.npmjs.org/type-is 71ms (cache miss)
43 silly packumentCache full:https://registry.npmjs.org/type-is set size:undefined disposed:false
44 http fetch GET 200 https://registry.npmjs.org/busboy 181ms (cache miss)
45 silly packumentCache full:https://registry.npmjs.org/busboy set size:undefined disposed:false
46 silly placeDep ROOT append-field@1.0.0 OK for: multer@2.2.0 want: ^1.0.0
47 silly placeDep ROOT busboy@1.6.0 OK for: multer@2.2.0 want: ^1.6.0
48 silly placeDep ROOT concat-stream@2.0.0 OK for: multer@2.2.0 want: ^2.0.0
49 silly placeDep node_modules/multer type-is@1.6.18 OK for: multer@2.2.0 want: ^1.6.18
50 silly fetch manifest streamsearch@^1.1.0
51 silly packumentCache full:https://registry.npmjs.org/streamsearch cache-miss
52 silly fetch manifest buffer-from@^1.0.0
53 silly packumentCache full:https://registry.npmjs.org/buffer-from cache-miss
54 silly fetch manifest readable-stream@^3.0.2
55 silly packumentCache full:https://registry.npmjs.org/readable-stream cache-miss
56 silly fetch manifest typedarray@^0.0.6
57 silly packumentCache full:https://registry.npmjs.org/typedarray cache-miss
58 silly fetch manifest mime-types@~2.1.24
59 silly packumentCache full:https://registry.npmjs.org/mime-types cache-miss
60 silly fetch manifest media-typer@0.3.0
61 silly packumentCache full:https://registry.npmjs.org/media-typer cache-miss
62 http fetch GET 200 https://registry.npmjs.org/buffer-from 26ms (cache miss)
63 silly packumentCache full:https://registry.npmjs.org/buffer-from set size:undefined disposed:false
64 http fetch GET 200 https://registry.npmjs.org/typedarray 32ms (cache miss)
65 silly packumentCache full:https://registry.npmjs.org/typedarray set size:undefined disposed:false
66 http fetch GET 200 https://registry.npmjs.org/readable-stream 41ms (cache miss)
67 silly packumentCache full:https://registry.npmjs.org/readable-stream set size:undefined disposed:false
68 http fetch GET 200 https://registry.npmjs.org/media-typer 65ms (cache miss)
69 silly packumentCache full:https://registry.npmjs.org/media-typer set size:undefined disposed:false
70 http fetch GET 200 https://registry.npmjs.org/mime-types 81ms (cache miss)
71 silly packumentCache full:https://registry.npmjs.org/mime-types set size:undefined disposed:false
72 http fetch GET 200 https://registry.npmjs.org/streamsearch 218ms (cache miss)
73 silly packumentCache full:https://registry.npmjs.org/streamsearch set size:undefined disposed:false
74 silly placeDep ROOT streamsearch@1.1.0 OK for: busboy@1.6.0 want: ^1.1.0
75 silly placeDep ROOT buffer-from@1.1.2 OK for: concat-stream@2.0.0 want: ^1.0.0
76 silly placeDep node_modules/concat-stream readable-stream@3.6.2 OK for: concat-stream@2.0.0 want: ^3.0.2
77 silly placeDep ROOT typedarray@0.0.6 OK for: concat-stream@2.0.0 want: ^0.0.6
78 silly fetch manifest string_decoder@^1.1.1
79 silly packumentCache full:https://registry.npmjs.org/string_decoder cache-miss
80 http fetch GET 200 https://registry.npmjs.org/string_decoder 21ms (cache miss)
81 silly packumentCache full:https://registry.npmjs.org/string_decoder set size:undefined disposed:false
82 silly placeDep node_modules/concat-stream string_decoder@1.3.0 OK for: readable-stream@3.6.2 want: ^1.1.1
83 silly fetch manifest safe-buffer@~5.2.0
84 silly packumentCache full:https://registry.npmjs.org/safe-buffer cache-miss
85 http fetch GET 200 https://registry.npmjs.org/safe-buffer 26ms (cache miss)
86 silly packumentCache full:https://registry.npmjs.org/safe-buffer set size:undefined disposed:false
87 silly placeDep node_modules/concat-stream safe-buffer@5.2.1 OK for: string_decoder@1.3.0 want: ~5.2.0
88 silly placeDep node_modules/multer media-typer@0.3.0 OK for: type-is@1.6.18 want: 0.3.0
89 silly placeDep node_modules/multer mime-types@2.1.35 OK for: type-is@1.6.18 want: ~2.1.24
90 silly fetch manifest mime-db@1.52.0
91 silly packumentCache full:https://registry.npmjs.org/mime-db cache-miss
92 http fetch GET 200 https://registry.npmjs.org/mime-db 27ms (cache miss)
93 silly packumentCache full:https://registry.npmjs.org/mime-db set size:undefined disposed:false
94 silly placeDep node_modules/multer mime-db@1.52.0 OK for: mime-types@2.1.35 want: 1.52.0
95 silly reify mark retired [ '/Users/mohammed.ali/team6-frontend/node_modules/@bcoe/v8-coverage' ]
96 silly reify mark retired [
96 silly reify   '/Users/mohammed.ali/team6-frontend/node_modules/@oxc-project/types'
96 silly reify ]
97 silly reify mark retired [
97 silly reify   '/Users/mohammed.ali/team6-frontend/node_modules/@rolldown/binding-darwin-arm64'
97 silly reify ]
98 silly reify mark retired [
98 silly reify   '/Users/mohammed.ali/team6-frontend/node_modules/@rolldown/pluginutils'
98 silly reify ]
99 silly reify mark retired [
99 silly reify   '/Users/mohammed.ali/team6-frontend/node_modules/@standard-schema/spec'
99 silly reify ]
100 silly reify mark retired [ '/Users/mohammed.ali/team6-frontend/node_modules/@types/chai' ]
101 silly reify mark retired [ '/Users/mohammed.ali/team6-frontend/node_modules/@types/deep-eql' ]
102 silly reify mark retired [
102 silly reify   '/Users/mohammed.ali/team6-frontend/node_modules/@vitest/coverage-v8'
102 silly reify ]
103 silly reify mark retired [ '/Users/mohammed.ali/team6-frontend/node_modules/@vitest/expect' ]
104 silly reify mark retired [ '/Users/mohammed.ali/team6-frontend/node_modules/@vitest/mocker' ]
105 silly reify mark retired [
105 silly reify   '/Users/mohammed.ali/team6-frontend/node_modules/@vitest/pretty-format'
105 silly reify ]
106 silly reify mark retired [ '/Users/mohammed.ali/team6-frontend/node_modules/@vitest/runner' ]
107 silly reify mark retired [ '/Users/mohammed.ali/team6-frontend/node_modules/@vitest/snapshot' ]
108 silly reify mark retired [ '/Users/mohammed.ali/team6-frontend/node_modules/@vitest/spy' ]
109 silly reify mark retired [ '/Users/mohammed.ali/team6-frontend/node_modules/@vitest/ui' ]
110 silly reify mark retired [ '/Users/mohammed.ali/team6-frontend/node_modules/@vitest/utils' ]
111 silly reify mark retired [
111 silly reify   '/Users/mohammed.ali/team6-frontend/node_modules/ast-v8-to-istanbul'
111 silly reify ]
112 silly reify mark retired [ '/Users/mohammed.ali/team6-frontend/node_modules/chai' ]
113 silly reify mark retired [
113 silly reify   '/Users/mohammed.ali/team6-frontend/node_modules/convert-source-map'
113 silly reify ]
114 silly reify mark retired [ '/Users/mohammed.ali/team6-frontend/node_modules/detect-libc' ]
115 silly reify mark retired [ '/Users/mohammed.ali/team6-frontend/node_modules/es-module-lexer' ]
116 silly reify mark retired [ '/Users/mohammed.ali/team6-frontend/node_modules/fdir' ]
117 silly reify mark retired [ '/Users/mohammed.ali/team6-frontend/node_modules/js-tokens' ]
118 silly reify mark retired [ '/Users/mohammed.ali/team6-frontend/node_modules/lightningcss' ]
119 silly reify mark retired [
119 silly reify   '/Users/mohammed.ali/team6-frontend/node_modules/lightningcss-darwin-arm64'
119 silly reify ]
120 silly reify mark retired [ '/Users/mohammed.ali/team6-frontend/node_modules/magicast' ]
121 silly reify mark retired [
121 silly reify   '/Users/mohammed.ali/team6-frontend/node_modules/nanoid',
121 silly reify   '/Users/mohammed.ali/team6-frontend/node_modules/.bin/nanoid'
121 silly reify ]
122 silly reify mark retired [ '/Users/mohammed.ali/team6-frontend/node_modules/obug' ]
123 silly reify mark retired [ '/Users/mohammed.ali/team6-frontend/node_modules/pathe' ]
124 silly reify mark retired [ '/Users/mohammed.ali/team6-frontend/node_modules/picomatch' ]
125 silly reify mark retired [ '/Users/mohammed.ali/team6-frontend/node_modules/postcss' ]
126 silly reify mark retired [
126 silly reify   '/Users/mohammed.ali/team6-frontend/node_modules/rolldown',
126 silly reify   '/Users/mohammed.ali/team6-frontend/node_modules/.bin/rolldown'
126 silly reify ]
127 silly reify mark retired [ '/Users/mohammed.ali/team6-frontend/node_modules/std-env' ]
128 silly reify mark retired [ '/Users/mohammed.ali/team6-frontend/node_modules/tinyexec' ]
129 silly reify mark retired [ '/Users/mohammed.ali/team6-frontend/node_modules/tinyrainbow' ]
130 silly reify mark retired [
130 silly reify   '/Users/mohammed.ali/team6-frontend/node_modules/vite',
130 silly reify   '/Users/mohammed.ali/team6-frontend/node_modules/.bin/vite'
130 silly reify ]
131 silly reify mark retired [
131 silly reify   '/Users/mohammed.ali/team6-frontend/node_modules/vitest',
131 silly reify   '/Users/mohammed.ali/team6-frontend/node_modules/.bin/vitest'
131 silly reify ]
132 silly reify moves {
132 silly reify   '/Users/mohammed.ali/team6-frontend/node_modules/@bcoe/v8-coverage': '/Users/mohammed.ali/team6-frontend/node_modules/@bcoe/.v8-coverage-Y8AxjtQZ',
132 silly reify   '/Users/mohammed.ali/team6-frontend/node_modules/@oxc-project/types': '/Users/mohammed.ali/team6-frontend/node_modules/@oxc-project/.types-AR7cfDEc',
132 silly reify   '/Users/mohammed.ali/team6-frontend/node_modules/@rolldown/binding-darwin-arm64': '/Users/mohammed.ali/team6-frontend/node_modules/@rolldown/.binding-darwin-arm64-HCACR6KK',
132 silly reify   '/Users/mohammed.ali/team6-frontend/node_modules/@rolldown/pluginutils': '/Users/mohammed.ali/team6-frontend/node_modules/@rolldown/.pluginutils-rVBi8RCa',
132 silly reify   '/Users/mohammed.ali/team6-frontend/node_modules/@standard-schema/spec': '/Users/mohammed.ali/team6-frontend/node_modules/@standard-schema/.spec-sNXQ4xmi',
132 silly reify   '/Users/mohammed.ali/team6-frontend/node_modules/@types/chai': '/Users/mohammed.ali/team6-frontend/node_modules/@types/.chai-BcQ5di3k',
132 silly reify   '/Users/mohammed.ali/team6-frontend/node_modules/@types/deep-eql': '/Users/mohammed.ali/team6-frontend/node_modules/@types/.deep-eql-GekqIpMo',
132 silly reify   '/Users/mohammed.ali/team6-frontend/node_modules/@vitest/coverage-v8': '/Users/mohammed.ali/team6-frontend/node_modules/@vitest/.coverage-v8-eHAhMssK',
132 silly reify   '/Users/mohammed.ali/team6-frontend/node_modules/@vitest/expect': '/Users/mohammed.ali/team6-frontend/node_modules/@vitest/.expect-pBtTMsgt',
132 silly reify   '/Users/mohammed.ali/team6-frontend/node_modules/@vitest/mocker': '/Users/mohammed.ali/team6-frontend/node_modules/@vitest/.mocker-vLL1bVSo',
132 silly reify   '/Users/mohammed.ali/team6-frontend/node_modules/@vitest/pretty-format': '/Users/mohammed.ali/team6-frontend/node_modules/@vitest/.pretty-format-kpUCMQRO',
132 silly reify   '/Users/mohammed.ali/team6-frontend/node_modules/@vitest/runner': '/Users/mohammed.ali/team6-frontend/node_modules/@vitest/.runner-q6zxJq40',
132 silly reify   '/Users/mohammed.ali/team6-frontend/node_modules/@vitest/snapshot': '/Users/mohammed.ali/team6-frontend/node_modules/@vitest/.snapshot-qpo8jopb',
132 silly reify   '/Users/mohammed.ali/team6-frontend/node_modules/@vitest/spy': '/Users/mohammed.ali/team6-frontend/node_modules/@vitest/.spy-PGpuu7Ir',
132 silly reify   '/Users/mohammed.ali/team6-frontend/node_modules/@vitest/ui': '/Users/mohammed.ali/team6-frontend/node_modules/@vitest/.ui-sD2cLkEQ',
132 silly reify   '/Users/mohammed.ali/team6-frontend/node_modules/@vitest/utils': '/Users/mohammed.ali/team6-frontend/node_modules/@vitest/.utils-XEipprT2',
132 silly reify   '/Users/mohammed.ali/team6-frontend/node_modules/ast-v8-to-istanbul': '/Users/mohammed.ali/team6-frontend/node_modules/.ast-v8-to-istanbul-NwAopOWJ',
132 silly reify   '/Users/mohammed.ali/team6-frontend/node_modules/chai': '/Users/mohammed.ali/team6-frontend/node_modules/.chai-jmhpDURp',
132 silly reify   '/Users/mohammed.ali/team6-frontend/node_modules/convert-source-map': '/Users/mohammed.ali/team6-frontend/node_modules/.convert-source-map-dhi4Wk3K',
132 silly reify   '/Users/mohammed.ali/team6-frontend/node_modules/detect-libc': '/Users/mohammed.ali/team6-frontend/node_modules/.detect-libc-XeasQGoo',
132 silly reify   '/Users/mohammed.ali/team6-frontend/node_modules/es-module-lexer': '/Users/mohammed.ali/team6-frontend/node_modules/.es-module-lexer-OuYArOxg',
132 silly reify   '/Users/mohammed.ali/team6-frontend/node_modules/fdir': '/Users/mohammed.ali/team6-frontend/node_modules/.fdir-l1wBFKsz',
132 silly reify   '/Users/mohammed.ali/team6-frontend/node_modules/js-tokens': '/Users/mohammed.ali/team6-frontend/node_modules/.js-tokens-uA1LMC4x',
132 silly reify   '/Users/mohammed.ali/team6-frontend/node_modules/lightningcss': '/Users/mohammed.ali/team6-frontend/node_modules/.lightningcss-iVJfXZNA',
132 silly reify   '/Users/mohammed.ali/team6-frontend/node_modules/lightningcss-darwin-arm64': '/Users/mohammed.ali/team6-frontend/node_modules/.lightningcss-darwin-arm64-Ybsrqbt7',
132 silly reify   '/Users/mohammed.ali/team6-frontend/node_modules/magicast': '/Users/mohammed.ali/team6-frontend/node_modules/.magicast-B3hL67DJ',
132 silly reify   '/Users/mohammed.ali/team6-frontend/node_modules/nanoid': '/Users/mohammed.ali/team6-frontend/node_modules/.nanoid-X8a7GlgH',
132 silly reify   '/Users/mohammed.ali/team6-frontend/node_modules/.bin/nanoid': '/Users/mohammed.ali/team6-frontend/node_modules/.bin/.nanoid-CEVXCWIB',
132 silly reify   '/Users/mohammed.ali/team6-frontend/node_modules/obug': '/Users/mohammed.ali/team6-frontend/node_modules/.obug-0dMgbngm',
132 silly reify   '/Users/mohammed.ali/team6-frontend/node_modules/pathe': '/Users/mohammed.ali/team6-frontend/node_modules/.pathe-6Ge6l7NC',
132 silly reify   '/Users/mohammed.ali/team6-frontend/node_modules/picomatch': '/Users/mohammed.ali/team6-frontend/node_modules/.picomatch-l6eXa6mh',
132 silly reify   '/Users/mohammed.ali/team6-frontend/node_modules/postcss': '/Users/mohammed.ali/team6-frontend/node_modules/.postcss-dBAq7wQA',
132 silly reify   '/Users/mohammed.ali/team6-frontend/node_modules/rolldown': '/Users/mohammed.ali/team6-frontend/node_modules/.rolldown-XZDfbguY',
132 silly reify   '/Users/mohammed.ali/team6-frontend/node_modules/.bin/rolldown': '/Users/mohammed.ali/team6-frontend/node_modules/.bin/.rolldown-1Ah1q6vk',
132 silly reify   '/Users/mohammed.ali/team6-frontend/node_modules/std-env': '/Users/mohammed.ali/team6-frontend/node_modules/.std-env-IfYm9voI',
132 silly reify   '/Users/mohammed.ali/team6-frontend/node_modules/tinyexec': '/Users/mohammed.ali/team6-frontend/node_modules/.tinyexec-3lGR7Q6i',
132 silly reify   '/Users/mohammed.ali/team6-frontend/node_modules/tinyrainbow': '/Users/mohammed.ali/team6-frontend/node_modules/.tinyrainbow-ocWdINvS',
132 silly reify   '/Users/mohammed.ali/team6-frontend/node_modules/vite': '/Users/mohammed.ali/team6-frontend/node_modules/.vite-eGYVWf7Q',
132 silly reify   '/Users/mohammed.ali/team6-frontend/node_modules/.bin/vite': '/Users/mohammed.ali/team6-frontend/node_modules/.bin/.vite-AqQbYsfD',
132 silly reify   '/Users/mohammed.ali/team6-frontend/node_modules/vitest': '/Users/mohammed.ali/team6-frontend/node_modules/.vitest-uxds4wka',
132 silly reify   '/Users/mohammed.ali/team6-frontend/node_modules/.bin/vitest': '/Users/mohammed.ali/team6-frontend/node_modules/.bin/.vitest-ugLGOJo7'
132 silly reify }
133 silly audit bulk request {
133 silly audit   '@ampproject/remapping': [ '2.3.0' ],
133 silly audit   '@babel/helper-string-parser': [ '7.29.7' ],
133 silly audit   '@babel/helper-validator-identifier': [ '7.29.7' ],
133 silly audit   '@babel/parser': [ '7.29.8' ],
133 silly audit   '@babel/types': [ '7.29.8' ],
133 silly audit   '@bcoe/v8-coverage': [ '0.2.3' ],
133 silly audit   '@esbuild/aix-ppc64': [ '0.28.1', '0.21.5' ],
133 silly audit   '@esbuild/android-arm': [ '0.28.1', '0.21.5' ],
133 silly audit   '@esbuild/android-arm64': [ '0.28.1', '0.21.5' ],
133 silly audit   '@esbuild/android-x64': [ '0.28.1', '0.21.5' ],
133 silly audit   '@esbuild/darwin-arm64': [ '0.28.1', '0.21.5' ],
133 silly audit   '@esbuild/darwin-x64': [ '0.28.1', '0.21.5' ],
133 silly audit   '@esbuild/freebsd-arm64': [ '0.28.1', '0.21.5' ],
133 silly audit   '@esbuild/freebsd-x64': [ '0.28.1', '0.21.5' ],
133 silly audit   '@esbuild/linux-arm': [ '0.28.1', '0.21.5' ],
133 silly audit   '@esbuild/linux-arm64': [ '0.28.1', '0.21.5' ],
133 silly audit   '@esbuild/linux-ia32': [ '0.28.1', '0.21.5' ],
133 silly audit   '@esbuild/linux-loong64': [ '0.28.1', '0.21.5' ],
133 silly audit   '@esbuild/linux-mips64el': [ '0.28.1', '0.21.5' ],
133 silly audit   '@esbuild/linux-ppc64': [ '0.28.1', '0.21.5' ],
133 silly audit   '@esbuild/linux-riscv64': [ '0.28.1', '0.21.5' ],
133 silly audit   '@esbuild/linux-s390x': [ '0.28.1', '0.21.5' ],
133 silly audit   '@esbuild/linux-x64': [ '0.28.1', '0.21.5' ],
133 silly audit   '@esbuild/netbsd-arm64': [ '0.28.1' ],
133 silly audit   '@esbuild/netbsd-x64': [ '0.28.1', '0.21.5' ],
133 silly audit   '@esbuild/openbsd-arm64': [ '0.28.1' ],
133 silly audit   '@esbuild/openbsd-x64': [ '0.28.1', '0.21.5' ],
133 silly audit   '@esbuild/openharmony-arm64': [ '0.28.1' ],
133 silly audit   '@esbuild/sunos-x64': [ '0.28.1', '0.21.5' ],
133 silly audit   '@esbuild/win32-arm64': [ '0.28.1', '0.21.5' ],
133 silly audit   '@esbuild/win32-ia32': [ '0.28.1', '0.21.5' ],
133 silly audit   '@esbuild/win32-x64': [ '0.28.1', '0.21.5' ],
133 silly audit   '@isaacs/cliui': [ '8.0.2' ],
133 silly audit   'ansi-regex': [ '6.2.2', '5.0.1' ],
133 silly audit   'ansi-styles': [ '6.2.3', '4.3.0' ],
133 silly audit   'emoji-regex': [ '9.2.2', '8.0.0' ],
133 silly audit   'string-width': [ '5.1.2', '4.2.3' ],
133 silly audit   'strip-ansi': [ '7.2.0', '6.0.1' ],
133 silly audit   'wrap-ansi': [ '8.1.0', '7.0.0' ],
133 silly audit   '@istanbuljs/schema': [ '0.1.6' ],
133 silly audit   '@jridgewell/gen-mapping': [ '0.3.13' ],
133 silly audit   '@jridgewell/resolve-uri': [ '3.1.2' ],
133 silly audit   '@jridgewell/sourcemap-codec': [ '1.5.5' ],
133 silly audit   '@jridgewell/trace-mapping': [ '0.3.31' ],
133 silly audit   '@napi-rs/lzma-linux-x64-gnu': [ '1.5.1' ],
133 silly audit   '@noble/hashes': [ '1.8.0' ],
133 silly audit   '@paralleldrive/cuid2': [ '2.3.1' ],
133 silly audit   '@pkgjs/parseargs': [ '0.11.0' ],
133 silly audit   '@polka/url': [ '1.0.0-next.29' ],
133 silly audit   '@rollup/rollup-android-arm-eabi': [ '4.62.4' ],
133 silly audit   '@rollup/rollup-android-arm64': [ '4.62.4' ],
133 silly audit   '@rollup/rollup-darwin-arm64': [ '4.62.4' ],
133 silly audit   '@rollup/rollup-darwin-x64': [ '4.62.4' ],
133 silly audit   '@rollup/rollup-freebsd-arm64': [ '4.62.4' ],
133 silly audit   '@rollup/rollup-freebsd-x64': [ '4.62.4' ],
133 silly audit   '@rollup/rollup-linux-arm-gnueabihf': [ '4.62.4' ],
133 silly audit   '@rollup/rollup-linux-arm-musleabihf': [ '4.62.4' ],
133 silly audit   '@rollup/rollup-linux-arm64-gnu': [ '4.62.4' ],
133 silly audit   '@rollup/rollup-linux-arm64-musl': [ '4.62.4' ],
133 silly audit   '@rollup/rollup-linux-loong64-gnu': [ '4.62.4' ],
133 silly audit   '@rollup/rollup-linux-loong64-musl': [ '4.62.4' ],
133 silly audit   '@rollup/rollup-linux-ppc64-gnu': [ '4.62.4' ],
133 silly audit   '@rollup/rollup-linux-ppc64-musl': [ '4.62.4' ],
133 silly audit   '@rollup/rollup-linux-riscv64-gnu': [ '4.62.4' ],
133 silly audit   '@rollup/rollup-linux-riscv64-musl': [ '4.62.4' ],
133 silly audit   '@rollup/rollup-linux-s390x-gnu': [ '4.62.4' ],
133 silly audit   '@rollup/rollup-linux-x64-gnu': [ '4.62.4' ],
133 silly audit   '@rollup/rollup-linux-x64-musl': [ '4.62.4' ],
133 silly audit   '@rollup/rollup-openbsd-x64': [ '4.62.4' ],
133 silly audit   '@rollup/rollup-openharmony-arm64': [ '4.62.4' ],
133 silly audit   '@rollup/rollup-win32-arm64-msvc': [ '4.62.4' ],
133 silly audit   '@rollup/rollup-win32-ia32-msvc': [ '4.62.4' ],
133 silly audit   '@rollup/rollup-win32-x64-gnu': [ '4.62.4' ],
133 silly audit   '@rollup/rollup-win32-x64-msvc': [ '4.62.4' ],
133 silly audit   '@types/body-parser': [ '1.19.6' ],
133 silly audit   '@types/connect': [ '3.4.38' ],
133 silly audit   '@types/cookiejar': [ '2.1.5' ],
133 silly audit   '@types/estree': [ '1.0.9' ],
133 silly audit   '@types/express': [ '5.0.6' ],
133 silly audit   '@types/express-serve-static-core': [ '5.1.3' ],
133 silly audit   '@types/express-session': [ '1.19.0' ],
133 silly audit   '@types/http-errors': [ '2.0.5' ],
133 silly audit   '@types/methods': [ '1.1.4' ],
133 silly audit   '@types/node': [ '26.1.2' ],
133 silly audit   '@types/nunjucks': [ '3.2.6' ],
133 silly audit   '@types/qs': [ '6.15.1' ],
133 silly audit   '@types/range-parser': [ '1.2.7' ],
133 silly audit   '@types/send': [ '1.2.1' ],
133 silly audit   '@types/serve-static': [ '2.2.0' ],
133 silly audit   '@types/superagent': [ '8.1.11' ],
133 silly audit   '@types/supertest': [ '6.0.3' ],
133 silly audit   '@typescript/typescript-aix-ppc64': [ '7.0.2' ],
133 silly audit   '@typescript/typescript-darwin-arm64': [ '7.0.2' ],
133 silly audit   '@typescript/typescript-darwin-x64': [ '7.0.2' ],
133 silly audit   '@typescript/typescript-freebsd-arm64': [ '7.0.2' ],
133 silly audit   '@typescript/typescript-freebsd-x64': [ '7.0.2' ],
133 silly audit   '@typescript/typescript-linux-arm': [ '7.0.2' ],
133 silly audit   '@typescript/typescript-linux-arm64': [ '7.0.2' ],
133 silly audit   '@typescript/typescript-linux-loong64': [ '7.0.2' ],
133 silly audit   '@typescript/typescript-linux-mips64el': [ '7.0.2' ],
133 silly audit   '@typescript/typescript-linux-ppc64': [ '7.0.2' ],
133 silly audit   '@typescript/typescript-linux-riscv64': [ '7.0.2' ],
133 silly audit   '@typescript/typescript-linux-s390x': [ '7.0.2' ],
133 silly audit   '@typescript/typescript-linux-x64': [ '7.0.2' ],
133 silly audit   '@typescript/typescript-netbsd-arm64': [ '7.0.2' ],
133 silly audit   '@typescript/typescript-netbsd-x64': [ '7.0.2' ],
133 silly audit   '@typescript/typescript-openbsd-arm64': [ '7.0.2' ],
133 silly audit   '@typescript/typescript-openbsd-x64': [ '7.0.2' ],
133 silly audit   '@typescript/typescript-sunos-x64': [ '7.0.2' ],
133 silly audit   '@typescript/typescript-win32-arm64': [ '7.0.2' ],
133 silly audit   '@typescript/typescript-win32-x64': [ '7.0.2' ],
133 silly audit   '@vitest/coverage-v8': [ '2.1.9' ],
133 silly audit   '@vitest/expect': [ '2.1.9' ],
133 silly audit   '@vitest/mocker': [ '2.1.9' ],
133 silly audit   '@vitest/pretty-format': [ '2.1.9' ],
133 silly audit   '@vitest/runner': [ '2.1.9' ],
133 silly audit   '@vitest/snapshot': [ '2.1.9' ],
133 silly audit   '@vitest/spy': [ '2.1.9' ],
133 silly audit   '@vitest/ui': [ '2.1.9' ],
133 silly audit   '@vitest/utils': [ '2.1.9' ],
133 silly audit   'a-sync-waterfall': [ '1.0.1' ],
133 silly audit   accepts: [ '2.0.0' ],
133 silly audit   'agent-base': [ '6.0.2' ],
133 silly audit   asap: [ '2.0.6' ],
133 silly audit   'assertion-error': [ '2.0.1' ],
133 silly audit   asynckit: [ '0.4.0' ],
133 silly audit   'balanced-match': [ '4.0.4', '1.0.2' ],
133 silly audit   'body-parser': [ '2.3.0' ],
133 silly audit   'content-type': [ '2.0.0', '1.0.5' ],
133 silly audit   'brace-expansion': [ '5.0.9', '1.1.18', '2.1.4' ],
133 silly audit   bytes: [ '3.1.2' ],
133 silly audit   cac: [ '6.7.14' ],
133 silly audit   'call-bind-apply-helpers': [ '1.0.2' ],
133 silly audit   'call-bound': [ '1.0.4' ],
133 silly audit   chai: [ '5.3.3' ],
133 silly audit   'check-error': [ '2.1.3' ],
133 silly audit   cliui: [ '7.0.4' ],
133 silly audit   'color-convert': [ '2.0.1' ],
133 silly audit   'color-name': [ '1.1.4' ],
133 silly audit   'combined-stream': [ '1.0.8' ],
133 silly audit   commander: [ '5.1.0' ],
133 silly audit   'component-emitter': [ '1.3.1' ],
133 silly audit   'concat-map': [ '0.0.1' ],
133 silly audit   'content-disposition': [ '1.1.0' ],
133 silly audit   cookie: [ '0.7.2' ],
133 silly audit   'cookie-signature': [ '1.2.2', '1.0.7' ],
133 silly audit   cookiejar: [ '2.1.4' ],
133 silly audit   copyfiles: [ '2.4.1' ],
133 silly audit   minimatch: [ '3.1.5', '10.2.6', '9.0.9' ],
133 silly audit   'core-util-is': [ '1.0.3' ],
133 silly audit   'cross-spawn': [ '7.0.6' ],
133 silly audit   debug: [ '4.4.3', '2.6.9' ],
133 silly audit   'deep-eql': [ '5.0.2' ],
133 silly audit   'delayed-stream': [ '1.0.0' ],
133 silly audit   depd: [ '2.0.0' ],
133 silly audit   dezalgo: [ '1.0.4' ],
133 silly audit   dotenv: [ '17.4.2' ],
133 silly audit   'dunder-proto': [ '1.0.1' ],
133 silly audit   eastasianwidth: [ '0.2.0' ],
133 silly audit   'ee-first': [ '1.1.1' ],
133 silly audit   encodeurl: [ '2.0.0' ],
133 silly audit   'es-define-property': [ '1.0.1' ],
133 silly audit   'es-errors': [ '1.3.0' ],
133 silly audit   'es-module-lexer': [ '1.7.0' ],
133 silly audit   'es-object-atoms': [ '1.1.2' ],
133 silly audit   'es-set-tostringtag': [ '2.1.0' ],
133 silly audit   esbuild: [ '0.28.1', '0.21.5' ],
133 silly audit   escalade: [ '3.2.0' ],
133 silly audit   'escape-html': [ '1.0.3' ],
133 silly audit   'estree-walker': [ '3.0.3' ],
133 silly audit   etag: [ '1.8.1' ],
133 silly audit   'expect-type': [ '1.4.0' ],
133 silly audit   express: [ '5.2.1' ],
133 silly audit   'express-session': [ '1.19.0' ],
133 silly audit   ms: [ '2.0.0', '2.1.3' ],
133 silly audit   'safe-buffer': [ '5.2.1', '5.1.2' ],
133 silly audit   'fast-safe-stringify': [ '2.1.1' ],
133 silly audit   fflate: [ '0.8.3' ],
133 silly audit   finalhandler: [ '2.1.1' ],
133 silly audit   flatted: [ '3.4.4' ],
133 silly audit   'foreground-child': [ '3.3.1' ],
133 silly audit   'mime-db': [ '1.54.0', '1.52.0' ],
133 silly audit   'mime-types': [ '3.0.2', '2.1.35' ],
133 silly audit   formidable: [ '3.5.4' ],
133 silly audit   forwarded: [ '0.2.0' ],
133 silly audit   fresh: [ '2.0.0' ],
133 silly audit   'fs.realpath': [ '1.0.0' ],
133 silly audit   fsevents: [ '2.3.3' ],
133 silly audit   'function-bind': [ '1.1.2' ],
133 silly audit   'get-caller-file': [ '2.0.5' ],
133 silly audit   'get-intrinsic': [ '1.3.0' ],
133 silly audit   'get-proto': [ '1.0.1' ],
133 silly audit   glob: [ '7.2.3', '10.5.0' ],
133 silly audit   gopd: [ '1.2.0' ],
133 silly audit   'has-flag': [ '4.0.0' ],
133 silly audit   'has-symbols': [ '1.1.0' ],
133 silly audit   'has-tostringtag': [ '1.0.2' ],
133 silly audit   hasown: [ '2.0.4' ],
133 silly audit   'html-escaper': [ '2.0.2' ],
133 silly audit   'http-errors': [ '2.0.1' ],
133 silly audit   'https-proxy-agent': [ '5.0.1' ],
133 silly audit   'iconv-lite': [ '0.7.3' ],
133 silly audit   inflight: [ '1.0.6' ],
133 silly audit   inherits: [ '2.0.4' ],
133 silly audit   'ipaddr.js': [ '1.9.1' ],
133 silly audit   'is-fullwidth-code-point': [ '3.0.0' ],
133 silly audit   'is-promise': [ '4.0.0' ],
133 silly audit   isarray: [ '0.0.1', '1.0.0' ],
133 silly audit   isexe: [ '2.0.0' ],
133 silly audit   'istanbul-lib-coverage': [ '3.2.2' ],
133 silly audit   'istanbul-lib-report': [ '3.0.1' ],
133 silly audit   'istanbul-lib-source-maps': [ '5.0.6' ],
133 silly audit   'istanbul-reports': [ '3.2.0' ],
133 silly audit   jackspeak: [ '3.4.3' ],
133 silly audit   loupe: [ '3.2.1' ],
133 silly audit   'lru-cache': [ '10.4.3' ],
133 silly audit   'magic-string': [ '0.30.21' ],
133 silly audit   magicast: [ '0.3.5' ],
133 silly audit   'make-dir': [ '4.0.0' ],
133 silly audit   'math-intrinsics': [ '1.1.0' ],
133 silly audit   'media-typer': [ '1.1.1', '0.3.0' ],
133 silly audit   'merge-descriptors': [ '2.0.0' ],
133 silly audit   methods: [ '1.1.2' ],
133 silly audit   mime: [ '2.6.0' ],
133 silly audit   minipass: [ '7.1.3' ],
133 silly audit   mkdirp: [ '1.0.4' ],
133 silly audit   mrmime: [ '2.0.1' ],
133 silly audit   nanoid: [ '3.3.17' ],
133 silly audit   negotiator: [ '1.0.0' ],
133 silly audit   noms: [ '0.0.0' ],
133 silly audit   nunjucks: [ '3.2.4' ],
133 silly audit   'object-inspect': [ '1.13.4' ],
133 silly audit   'on-finished': [ '2.4.1' ],
133 silly audit   'on-headers': [ '1.1.0' ],
133 silly audit   once: [ '1.4.0' ],
133 silly audit   'package-json-from-dist': [ '1.0.1' ],
133 silly audit   parseurl: [ '1.3.3' ],
133 silly audit   'path-is-absolute': [ '1.0.1' ],
133 silly audit   'path-key': [ '3.1.1' ],
133 silly audit   'path-scurry': [ '1.11.1' ],
133 silly audit   'path-to-regexp': [ '8.4.2' ],
133 silly audit   pathe: [ '1.1.2' ],
133 silly audit   pathval: [ '2.0.1' ],
133 silly audit   picocolors: [ '1.1.1' ],
133 silly audit   postcss: [ '8.5.25' ],
133 silly audit   'process-nextick-args': [ '2.0.1' ],
133 silly audit   'proxy-addr': [ '2.0.7' ],
133 silly audit   'proxy-from-env': [ '2.1.0' ],
133 silly audit   qs: [ '6.15.3' ],
133 silly audit   'random-bytes': [ '1.0.0' ],
133 silly audit   'range-parser': [ '1.3.0' ],
133 silly audit   'raw-body': [ '3.0.2' ],
133 silly audit   'readable-stream': [ '1.0.34', '2.3.8', '3.6.2' ],
133 silly audit   'require-directory': [ '2.1.1' ],
133 silly audit   rollup: [ '4.62.4' ],
133 silly audit   router: [ '2.2.0' ],
133 silly audit   'safer-buffer': [ '2.1.2' ],
133 silly audit   semver: [ '7.8.5' ],
133 silly audit   send: [ '1.2.1' ],
133 silly audit   'serve-static': [ '2.2.1' ],
133 silly audit   setprototypeof: [ '1.2.0' ],
133 silly audit   'shebang-command': [ '2.0.0' ],
133 silly audit   'shebang-regex': [ '3.0.0' ],
133 silly audit   'side-channel': [ '1.1.1' ],
133 silly audit   'side-channel-list': [ '1.0.1' ],
133 silly audit   'side-channel-map': [ '1.0.1' ],
133 silly audit   'side-channel-weakmap': [ '1.0.2' ],
133 silly audit   siginfo: [ '2.0.0' ],
133 silly audit   'signal-exit': [ '4.1.0' ],
133 silly audit   sirv: [ '3.0.2' ],
133 silly audit   'source-map-js': [ '1.2.1' ],
133 silly audit   stackback: [ '0.0.2' ],
133 silly audit   statuses: [ '2.0.2' ],
133 silly audit   'std-env': [ '3.10.0' ],
133 silly audit   string_decoder: [ '0.10.31', '1.1.1', '1.3.0' ],
133 silly audit   superagent: [ '10.3.0' ],
133 silly audit   supertest: [ '7.2.2' ],
133 silly audit   'supports-color': [ '7.2.0' ],
133 silly audit   'test-exclude': [ '7.0.2' ],
133 silly audit   through2: [ '2.0.5' ],
133 silly audit   tinybench: [ '2.9.0' ],
133 silly audit   tinyexec: [ '0.3.2' ],
133 silly audit   tinyglobby: [ '0.2.17' ],
133 silly audit   fdir: [ '6.5.0' ],
133 silly audit   picomatch: [ '4.0.5' ],
133 silly audit   tinypool: [ '1.1.1' ],
133 silly audit   tinyrainbow: [ '1.2.0' ],
133 silly audit   tinyspy: [ '3.0.2' ],
133 silly audit   toidentifier: [ '1.0.1' ],
133 silly audit   totalist: [ '3.0.1' ],
133 silly audit   tsx: [ '4.23.7' ],
133 silly audit   'type-is': [ '2.1.0', '1.6.18' ],
133 silly audit   typescript: [ '7.0.2' ],
133 silly audit   'uid-safe': [ '2.1.5' ],
133 silly audit   'undici-types': [ '8.3.0' ],
133 silly audit   unpipe: [ '1.0.0' ],
133 silly audit   untildify: [ '4.0.0' ],
133 silly audit   'util-deprecate': [ '1.0.2' ],
133 silly audit   vary: [ '1.1.2' ],
133 silly audit   vite: [ '5.4.21' ],
133 silly audit   'vite-node': [ '2.1.9' ],
133 silly audit   vitest: [ '2.1.9' ],
133 silly audit   which: [ '2.0.2' ],
133 silly audit   'why-is-node-running': [ '2.3.0' ],
133 silly audit   wrappy: [ '1.0.2' ],
133 silly audit   xtend: [ '4.0.2' ],
133 silly audit   y18n: [ '5.0.8' ],
133 silly audit   yargs: [ '16.2.2' ],
133 silly audit   'yargs-parser': [ '20.2.9' ],
133 silly audit   axios: [ '1.19.0' ],
133 silly audit   'follow-redirects': [ '1.16.0' ],
133 silly audit   '@types/multer': [ '2.2.0' ],
133 silly audit   'form-data': [ '4.0.6' ],
133 silly audit   multer: [ '2.2.0' ],
133 silly audit   'append-field': [ '1.0.0' ],
133 silly audit   busboy: [ '1.6.0' ],
133 silly audit   'concat-stream': [ '2.0.0' ],
133 silly audit   streamsearch: [ '1.1.0' ],
133 silly audit   'buffer-from': [ '1.1.2' ],
133 silly audit   typedarray: [ '0.0.6' ]
133 silly audit }
134 verbose reify failed optional dependency /Users/mohammed.ali/team6-frontend/node_modules/@typescript/typescript-win32-x64
135 silly reify mark deleted [
135 silly reify   '/Users/mohammed.ali/team6-frontend/node_modules/@typescript/typescript-win32-x64'
135 silly reify ]
136 verbose reify failed optional dependency /Users/mohammed.ali/team6-frontend/node_modules/@typescript/typescript-win32-arm64
137 silly reify mark deleted [
137 silly reify   '/Users/mohammed.ali/team6-frontend/node_modules/@typescript/typescript-win32-arm64'
137 silly reify ]
138 verbose reify failed optional dependency /Users/mohammed.ali/team6-frontend/node_modules/@typescript/typescript-sunos-x64
139 silly reify mark deleted [
139 silly reify   '/Users/mohammed.ali/team6-frontend/node_modules/@typescript/typescript-sunos-x64'
139 silly reify ]
140 verbose reify failed optional dependency /Users/mohammed.ali/team6-frontend/node_modules/@typescript/typescript-openbsd-x64
141 silly reify mark deleted [
141 silly reify   '/Users/mohammed.ali/team6-frontend/node_modules/@typescript/typescript-openbsd-x64'
141 silly reify ]
142 verbose reify failed optional dependency /Users/mohammed.ali/team6-frontend/node_modules/@typescript/typescript-openbsd-arm64
143 silly reify mark deleted [
143 silly reify   '/Users/mohammed.ali/team6-frontend/node_modules/@typescript/typescript-openbsd-arm64'
143 silly reify ]
144 verbose reify failed optional dependency /Users/mohammed.ali/team6-frontend/node_modules/@typescript/typescript-netbsd-x64
145 silly reify mark deleted [
145 silly reify   '/Users/mohammed.ali/team6-frontend/node_modules/@typescript/typescript-netbsd-x64'
145 silly reify ]
146 verbose reify failed optional dependency /Users/mohammed.ali/team6-frontend/node_modules/@typescript/typescript-netbsd-arm64
147 silly reify mark deleted [
147 silly reify   '/Users/mohammed.ali/team6-frontend/node_modules/@typescript/typescript-netbsd-arm64'
147 silly reify ]
148 verbose reify failed optional dependency /Users/mohammed.ali/team6-frontend/node_modules/@typescript/typescript-linux-x64
149 silly reify mark deleted [
149 silly reify   '/Users/mohammed.ali/team6-frontend/node_modules/@typescript/typescript-linux-x64'
149 silly reify ]
150 verbose reify failed optional dependency /Users/mohammed.ali/team6-frontend/node_modules/@typescript/typescript-linux-s390x
151 silly reify mark deleted [
151 silly reify   '/Users/mohammed.ali/team6-frontend/node_modules/@typescript/typescript-linux-s390x'
151 silly reify ]
152 verbose reify failed optional dependency /Users/mohammed.ali/team6-frontend/node_modules/@typescript/typescript-linux-riscv64
153 silly reify mark deleted [
153 silly reify   '/Users/mohammed.ali/team6-frontend/node_modules/@typescript/typescript-linux-riscv64'
153 silly reify ]
154 verbose reify failed optional dependency /Users/mohammed.ali/team6-frontend/node_modules/@typescript/typescript-linux-ppc64
155 silly reify mark deleted [
155 silly reify   '/Users/mohammed.ali/team6-frontend/node_modules/@typescript/typescript-linux-ppc64'
155 silly reify ]
156 verbose reify failed optional dependency /Users/mohammed.ali/team6-frontend/node_modules/@typescript/typescript-linux-mips64el
157 silly reify mark deleted [
157 silly reify   '/Users/mohammed.ali/team6-frontend/node_modules/@typescript/typescript-linux-mips64el'
157 silly reify ]
158 verbose reify failed optional dependency /Users/mohammed.ali/team6-frontend/node_modules/@typescript/typescript-linux-loong64
159 silly reify mark deleted [
159 silly reify   '/Users/mohammed.ali/team6-frontend/node_modules/@typescript/typescript-linux-loong64'
159 silly reify ]
160 verbose reify failed optional dependency /Users/mohammed.ali/team6-frontend/node_modules/@typescript/typescript-linux-arm64
161 silly reify mark deleted [
161 silly reify   '/Users/mohammed.ali/team6-frontend/node_modules/@typescript/typescript-linux-arm64'
161 silly reify ]
162 verbose reify failed optional dependency /Users/mohammed.ali/team6-frontend/node_modules/@typescript/typescript-linux-arm
163 silly reify mark deleted [
163 silly reify   '/Users/mohammed.ali/team6-frontend/node_modules/@typescript/typescript-linux-arm'
163 silly reify ]
164 verbose reify failed optional dependency /Users/mohammed.ali/team6-frontend/node_modules/@typescript/typescript-freebsd-x64
165 silly reify mark deleted [
165 silly reify   '/Users/mohammed.ali/team6-frontend/node_modules/@typescript/typescript-freebsd-x64'
165 silly reify ]
166 verbose reify failed optional dependency /Users/mohammed.ali/team6-frontend/node_modules/@typescript/typescript-freebsd-arm64
167 silly reify mark deleted [
167 silly reify   '/Users/mohammed.ali/team6-frontend/node_modules/@typescript/typescript-freebsd-arm64'
167 silly reify ]
168 verbose reify failed optional dependency /Users/mohammed.ali/team6-frontend/node_modules/@typescript/typescript-darwin-x64
169 silly reify mark deleted [
169 silly reify   '/Users/mohammed.ali/team6-frontend/node_modules/@typescript/typescript-darwin-x64'
169 silly reify ]
170 verbose reify failed optional dependency /Users/mohammed.ali/team6-frontend/node_modules/@typescript/typescript-aix-ppc64
171 silly reify mark deleted [
171 silly reify   '/Users/mohammed.ali/team6-frontend/node_modules/@typescript/typescript-aix-ppc64'
171 silly reify ]
172 verbose reify failed optional dependency /Users/mohammed.ali/team6-frontend/node_modules/@rollup/rollup-win32-x64-msvc
173 silly reify mark deleted [
173 silly reify   '/Users/mohammed.ali/team6-frontend/node_modules/@rollup/rollup-win32-x64-msvc'
173 silly reify ]
174 verbose reify failed optional dependency /Users/mohammed.ali/team6-frontend/node_modules/@rollup/rollup-win32-x64-gnu
175 silly reify mark deleted [
175 silly reify   '/Users/mohammed.ali/team6-frontend/node_modules/@rollup/rollup-win32-x64-gnu'
175 silly reify ]
176 verbose reify failed optional dependency /Users/mohammed.ali/team6-frontend/node_modules/@rollup/rollup-win32-ia32-msvc
177 silly reify mark deleted [
177 silly reify   '/Users/mohammed.ali/team6-frontend/node_modules/@rollup/rollup-win32-ia32-msvc'
177 silly reify ]
178 verbose reify failed optional dependency /Users/mohammed.ali/team6-frontend/node_modules/@rollup/rollup-win32-arm64-msvc
179 silly reify mark deleted [
179 silly reify   '/Users/mohammed.ali/team6-frontend/node_modules/@rollup/rollup-win32-arm64-msvc'
179 silly reify ]
180 verbose reify failed optional dependency /Users/mohammed.ali/team6-frontend/node_modules/@rollup/rollup-openharmony-arm64
181 silly reify mark deleted [
181 silly reify   '/Users/mohammed.ali/team6-frontend/node_modules/@rollup/rollup-openharmony-arm64'
181 silly reify ]
182 verbose reify failed optional dependency /Users/mohammed.ali/team6-frontend/node_modules/@rollup/rollup-openbsd-x64
183 silly reify mark deleted [
183 silly reify   '/Users/mohammed.ali/team6-frontend/node_modules/@rollup/rollup-openbsd-x64'
183 silly reify ]
184 verbose reify failed optional dependency /Users/mohammed.ali/team6-frontend/node_modules/@rollup/rollup-linux-x64-musl
185 silly reify mark deleted [
185 silly reify   '/Users/mohammed.ali/team6-frontend/node_modules/@rollup/rollup-linux-x64-musl'
185 silly reify ]
186 verbose reify failed optional dependency /Users/mohammed.ali/team6-frontend/node_modules/@rollup/rollup-linux-x64-gnu
187 silly reify mark deleted [
187 silly reify   '/Users/mohammed.ali/team6-frontend/node_modules/@rollup/rollup-linux-x64-gnu'
187 silly reify ]
188 verbose reify failed optional dependency /Users/mohammed.ali/team6-frontend/node_modules/@rollup/rollup-linux-s390x-gnu
189 silly reify mark deleted [
189 silly reify   '/Users/mohammed.ali/team6-frontend/node_modules/@rollup/rollup-linux-s390x-gnu'
189 silly reify ]
190 verbose reify failed optional dependency /Users/mohammed.ali/team6-frontend/node_modules/@rollup/rollup-linux-riscv64-musl
191 silly reify mark deleted [
191 silly reify   '/Users/mohammed.ali/team6-frontend/node_modules/@rollup/rollup-linux-riscv64-musl'
191 silly reify ]
192 verbose reify failed optional dependency /Users/mohammed.ali/team6-frontend/node_modules/@rollup/rollup-linux-riscv64-gnu
193 silly reify mark deleted [
193 silly reify   '/Users/mohammed.ali/team6-frontend/node_modules/@rollup/rollup-linux-riscv64-gnu'
193 silly reify ]
194 verbose reify failed optional dependency /Users/mohammed.ali/team6-frontend/node_modules/@rollup/rollup-linux-ppc64-musl
195 silly reify mark deleted [
195 silly reify   '/Users/mohammed.ali/team6-frontend/node_modules/@rollup/rollup-linux-ppc64-musl'
195 silly reify ]
196 verbose reify failed optional dependency /Users/mohammed.ali/team6-frontend/node_modules/@rollup/rollup-linux-ppc64-gnu
197 silly reify mark deleted [
197 silly reify   '/Users/mohammed.ali/team6-frontend/node_modules/@rollup/rollup-linux-ppc64-gnu'
197 silly reify ]
198 verbose reify failed optional dependency /Users/mohammed.ali/team6-frontend/node_modules/@rollup/rollup-linux-loong64-musl
199 silly reify mark deleted [
199 silly reify   '/Users/mohammed.ali/team6-frontend/node_modules/@rollup/rollup-linux-loong64-musl'
199 silly reify ]
200 verbose reify failed optional dependency /Users/mohammed.ali/team6-frontend/node_modules/@rollup/rollup-linux-loong64-gnu
201 silly reify mark deleted [
201 silly reify   '/Users/mohammed.ali/team6-frontend/node_modules/@rollup/rollup-linux-loong64-gnu'
201 silly reify ]
202 verbose reify failed optional dependency /Users/mohammed.ali/team6-frontend/node_modules/@rollup/rollup-linux-arm64-musl
203 silly reify mark deleted [
203 silly reify   '/Users/mohammed.ali/team6-frontend/node_modules/@rollup/rollup-linux-arm64-musl'
203 silly reify ]
204 verbose reify failed optional dependency /Users/mohammed.ali/team6-frontend/node_modules/@rollup/rollup-linux-arm64-gnu
205 silly reify mark deleted [
205 silly reify   '/Users/mohammed.ali/team6-frontend/node_modules/@rollup/rollup-linux-arm64-gnu'
205 silly reify ]
206 verbose reify failed optional dependency /Users/mohammed.ali/team6-frontend/node_modules/@rollup/rollup-linux-arm-musleabihf
207 silly reify mark deleted [
207 silly reify   '/Users/mohammed.ali/team6-frontend/node_modules/@rollup/rollup-linux-arm-musleabihf'
207 silly reify ]
208 verbose reify failed optional dependency /Users/mohammed.ali/team6-frontend/node_modules/@rollup/rollup-linux-arm-gnueabihf
209 silly reify mark deleted [
209 silly reify   '/Users/mohammed.ali/team6-frontend/node_modules/@rollup/rollup-linux-arm-gnueabihf'
209 silly reify ]
210 verbose reify failed optional dependency /Users/mohammed.ali/team6-frontend/node_modules/@rollup/rollup-freebsd-x64
211 silly reify mark deleted [
211 silly reify   '/Users/mohammed.ali/team6-frontend/node_modules/@rollup/rollup-freebsd-x64'
211 silly reify ]
212 verbose reify failed optional dependency /Users/mohammed.ali/team6-frontend/node_modules/@rollup/rollup-freebsd-arm64
213 silly reify mark deleted [
213 silly reify   '/Users/mohammed.ali/team6-frontend/node_modules/@rollup/rollup-freebsd-arm64'
213 silly reify ]
214 verbose reify failed optional dependency /Users/mohammed.ali/team6-frontend/node_modules/@rollup/rollup-darwin-x64
215 silly reify mark deleted [
215 silly reify   '/Users/mohammed.ali/team6-frontend/node_modules/@rollup/rollup-darwin-x64'
215 silly reify ]
216 verbose reify failed optional dependency /Users/mohammed.ali/team6-frontend/node_modules/@rollup/rollup-android-arm64
217 silly reify mark deleted [
217 silly reify   '/Users/mohammed.ali/team6-frontend/node_modules/@rollup/rollup-android-arm64'
217 silly reify ]
218 verbose reify failed optional dependency /Users/mohammed.ali/team6-frontend/node_modules/@rollup/rollup-android-arm-eabi
219 silly reify mark deleted [
219 silly reify   '/Users/mohammed.ali/team6-frontend/node_modules/@rollup/rollup-android-arm-eabi'
219 silly reify ]
220 verbose reify failed optional dependency /Users/mohammed.ali/team6-frontend/node_modules/@napi-rs/lzma-linux-x64-gnu
221 silly reify mark deleted [
221 silly reify   '/Users/mohammed.ali/team6-frontend/node_modules/@napi-rs/lzma-linux-x64-gnu'
221 silly reify ]
222 verbose reify failed optional dependency /Users/mohammed.ali/team6-frontend/node_modules/@esbuild/win32-x64
223 silly reify mark deleted [
223 silly reify   '/Users/mohammed.ali/team6-frontend/node_modules/@esbuild/win32-x64'
223 silly reify ]
224 verbose reify failed optional dependency /Users/mohammed.ali/team6-frontend/node_modules/@esbuild/win32-ia32
225 silly reify mark deleted [
225 silly reify   '/Users/mohammed.ali/team6-frontend/node_modules/@esbuild/win32-ia32'
225 silly reify ]
226 verbose reify failed optional dependency /Users/mohammed.ali/team6-frontend/node_modules/@esbuild/win32-arm64
227 silly reify mark deleted [
227 silly reify   '/Users/mohammed.ali/team6-frontend/node_modules/@esbuild/win32-arm64'
227 silly reify ]
228 verbose reify failed optional dependency /Users/mohammed.ali/team6-frontend/node_modules/@esbuild/sunos-x64
229 silly reify mark deleted [
229 silly reify   '/Users/mohammed.ali/team6-frontend/node_modules/@esbuild/sunos-x64'
229 silly reify ]
230 verbose reify failed optional dependency /Users/mohammed.ali/team6-frontend/node_modules/@esbuild/openharmony-arm64
231 silly reify mark deleted [
231 silly reify   '/Users/mohammed.ali/team6-frontend/node_modules/@esbuild/openharmony-arm64'
231 silly reify ]
232 verbose reify failed optional dependency /Users/mohammed.ali/team6-frontend/node_modules/@esbuild/openbsd-x64
233 silly reify mark deleted [
233 silly reify   '/Users/mohammed.ali/team6-frontend/node_modules/@esbuild/openbsd-x64'
233 silly reify ]
234 verbose reify failed optional dependency /Users/mohammed.ali/team6-frontend/node_modules/@esbuild/openbsd-arm64
235 silly reify mark deleted [
235 silly reify   '/Users/mohammed.ali/team6-frontend/node_modules/@esbuild/openbsd-arm64'
235 silly reify ]
236 verbose reify failed optional dependency /Users/mohammed.ali/team6-frontend/node_modules/@esbuild/netbsd-x64
237 silly reify mark deleted [
237 silly reify   '/Users/mohammed.ali/team6-frontend/node_modules/@esbuild/netbsd-x64'
237 silly reify ]
238 verbose reify failed optional dependency /Users/mohammed.ali/team6-frontend/node_modules/@esbuild/netbsd-arm64
239 silly reify mark deleted [
239 silly reify   '/Users/mohammed.ali/team6-frontend/node_modules/@esbuild/netbsd-arm64'
239 silly reify ]
240 verbose reify failed optional dependency /Users/mohammed.ali/team6-frontend/node_modules/@esbuild/linux-x64
241 silly reify mark deleted [
241 silly reify   '/Users/mohammed.ali/team6-frontend/node_modules/@esbuild/linux-x64'
241 silly reify ]
242 verbose reify failed optional dependency /Users/mohammed.ali/team6-frontend/node_modules/@esbuild/linux-s390x
243 silly reify mark deleted [
243 silly reify   '/Users/mohammed.ali/team6-frontend/node_modules/@esbuild/linux-s390x'
243 silly reify ]
244 verbose reify failed optional dependency /Users/mohammed.ali/team6-frontend/node_modules/@esbuild/linux-riscv64
245 silly reify mark deleted [
245 silly reify   '/Users/mohammed.ali/team6-frontend/node_modules/@esbuild/linux-riscv64'
245 silly reify ]
246 verbose reify failed optional dependency /Users/mohammed.ali/team6-frontend/node_modules/@esbuild/linux-ppc64
247 silly reify mark deleted [
247 silly reify   '/Users/mohammed.ali/team6-frontend/node_modules/@esbuild/linux-ppc64'
247 silly reify ]
248 verbose reify failed optional dependency /Users/mohammed.ali/team6-frontend/node_modules/@esbuild/linux-mips64el
249 silly reify mark deleted [
249 silly reify   '/Users/mohammed.ali/team6-frontend/node_modules/@esbuild/linux-mips64el'
249 silly reify ]
250 verbose reify failed optional dependency /Users/mohammed.ali/team6-frontend/node_modules/@esbuild/linux-loong64
251 silly reify mark deleted [
251 silly reify   '/Users/mohammed.ali/team6-frontend/node_modules/@esbuild/linux-loong64'
251 silly reify ]
252 verbose reify failed optional dependency /Users/mohammed.ali/team6-frontend/node_modules/@esbuild/linux-ia32
253 silly reify mark deleted [
253 silly reify   '/Users/mohammed.ali/team6-frontend/node_modules/@esbuild/linux-ia32'
253 silly reify ]
254 verbose reify failed optional dependency /Users/mohammed.ali/team6-frontend/node_modules/@esbuild/linux-arm64
255 silly reify mark deleted [
255 silly reify   '/Users/mohammed.ali/team6-frontend/node_modules/@esbuild/linux-arm64'
255 silly reify ]
256 verbose reify failed optional dependency /Users/mohammed.ali/team6-frontend/node_modules/@esbuild/linux-arm
257 silly reify mark deleted [
257 silly reify   '/Users/mohammed.ali/team6-frontend/node_modules/@esbuild/linux-arm'
257 silly reify ]
258 verbose reify failed optional dependency /Users/mohammed.ali/team6-frontend/node_modules/@esbuild/freebsd-x64
259 silly reify mark deleted [
259 silly reify   '/Users/mohammed.ali/team6-frontend/node_modules/@esbuild/freebsd-x64'
259 silly reify ]
260 verbose reify failed optional dependency /Users/mohammed.ali/team6-frontend/node_modules/@esbuild/freebsd-arm64
261 silly reify mark deleted [
261 silly reify   '/Users/mohammed.ali/team6-frontend/node_modules/@esbuild/freebsd-arm64'
261 silly reify ]
262 verbose reify failed optional dependency /Users/mohammed.ali/team6-frontend/node_modules/@esbuild/darwin-x64
263 silly reify mark deleted [
263 silly reify   '/Users/mohammed.ali/team6-frontend/node_modules/@esbuild/darwin-x64'
263 silly reify ]
264 verbose reify failed optional dependency /Users/mohammed.ali/team6-frontend/node_modules/@esbuild/android-x64
265 silly reify mark deleted [
265 silly reify   '/Users/mohammed.ali/team6-frontend/node_modules/@esbuild/android-x64'
265 silly reify ]
266 verbose reify failed optional dependency /Users/mohammed.ali/team6-frontend/node_modules/@esbuild/android-arm64
267 silly reify mark deleted [
267 silly reify   '/Users/mohammed.ali/team6-frontend/node_modules/@esbuild/android-arm64'
267 silly reify ]
268 verbose reify failed optional dependency /Users/mohammed.ali/team6-frontend/node_modules/@esbuild/android-arm
269 silly reify mark deleted [
269 silly reify   '/Users/mohammed.ali/team6-frontend/node_modules/@esbuild/android-arm'
269 silly reify ]
270 verbose reify failed optional dependency /Users/mohammed.ali/team6-frontend/node_modules/@esbuild/aix-ppc64
271 silly reify mark deleted [
271 silly reify   '/Users/mohammed.ali/team6-frontend/node_modules/@esbuild/aix-ppc64'
271 silly reify ]
272 verbose reify failed optional dependency /Users/mohammed.ali/team6-frontend/node_modules/vite/node_modules/@esbuild/win32-x64
273 silly reify mark deleted [
273 silly reify   '/Users/mohammed.ali/team6-frontend/node_modules/vite/node_modules/@esbuild/win32-x64'
273 silly reify ]
274 verbose reify failed optional dependency /Users/mohammed.ali/team6-frontend/node_modules/vite/node_modules/@esbuild/win32-ia32
275 silly reify mark deleted [
275 silly reify   '/Users/mohammed.ali/team6-frontend/node_modules/vite/node_modules/@esbuild/win32-ia32'
275 silly reify ]
276 verbose reify failed optional dependency /Users/mohammed.ali/team6-frontend/node_modules/vite/node_modules/@esbuild/win32-arm64
277 silly reify mark deleted [
277 silly reify   '/Users/mohammed.ali/team6-frontend/node_modules/vite/node_modules/@esbuild/win32-arm64'
277 silly reify ]
278 verbose reify failed optional dependency /Users/mohammed.ali/team6-frontend/node_modules/vite/node_modules/@esbuild/sunos-x64
279 silly reify mark deleted [
279 silly reify   '/Users/mohammed.ali/team6-frontend/node_modules/vite/node_modules/@esbuild/sunos-x64'
279 silly reify ]
280 verbose reify failed optional dependency /Users/mohammed.ali/team6-frontend/node_modules/vite/node_modules/@esbuild/openbsd-x64
281 silly reify mark deleted [
281 silly reify   '/Users/mohammed.ali/team6-frontend/node_modules/vite/node_modules/@esbuild/openbsd-x64'
281 silly reify ]
282 verbose reify failed optional dependency /Users/mohammed.ali/team6-frontend/node_modules/vite/node_modules/@esbuild/netbsd-x64
283 silly reify mark deleted [
283 silly reify   '/Users/mohammed.ali/team6-frontend/node_modules/vite/node_modules/@esbuild/netbsd-x64'
283 silly reify ]
284 verbose reify failed optional dependency /Users/mohammed.ali/team6-frontend/node_modules/vite/node_modules/@esbuild/linux-x64
285 silly reify mark deleted [
285 silly reify   '/Users/mohammed.ali/team6-frontend/node_modules/vite/node_modules/@esbuild/linux-x64'
285 silly reify ]
286 verbose reify failed optional dependency /Users/mohammed.ali/team6-frontend/node_modules/vite/node_modules/@esbuild/linux-s390x
287 silly reify mark deleted [
287 silly reify   '/Users/mohammed.ali/team6-frontend/node_modules/vite/node_modules/@esbuild/linux-s390x'
287 silly reify ]
288 verbose reify failed optional dependency /Users/mohammed.ali/team6-frontend/node_modules/vite/node_modules/@esbuild/linux-riscv64
289 silly reify mark deleted [
289 silly reify   '/Users/mohammed.ali/team6-frontend/node_modules/vite/node_modules/@esbuild/linux-riscv64'
289 silly reify ]
290 verbose reify failed optional dependency /Users/mohammed.ali/team6-frontend/node_modules/vite/node_modules/@esbuild/linux-ppc64
291 silly reify mark deleted [
291 silly reify   '/Users/mohammed.ali/team6-frontend/node_modules/vite/node_modules/@esbuild/linux-ppc64'
291 silly reify ]
292 verbose reify failed optional dependency /Users/mohammed.ali/team6-frontend/node_modules/vite/node_modules/@esbuild/linux-mips64el
293 silly reify mark deleted [
293 silly reify   '/Users/mohammed.ali/team6-frontend/node_modules/vite/node_modules/@esbuild/linux-mips64el'
293 silly reify ]
294 verbose reify failed optional dependency /Users/mohammed.ali/team6-frontend/node_modules/vite/node_modules/@esbuild/linux-loong64
295 silly reify mark deleted [
295 silly reify   '/Users/mohammed.ali/team6-frontend/node_modules/vite/node_modules/@esbuild/linux-loong64'
295 silly reify ]
296 verbose reify failed optional dependency /Users/mohammed.ali/team6-frontend/node_modules/vite/node_modules/@esbuild/linux-ia32
297 silly reify mark deleted [
297 silly reify   '/Users/mohammed.ali/team6-frontend/node_modules/vite/node_modules/@esbuild/linux-ia32'
297 silly reify ]
298 verbose reify failed optional dependency /Users/mohammed.ali/team6-frontend/node_modules/vite/node_modules/@esbuild/linux-arm64
299 silly reify mark deleted [
299 silly reify   '/Users/mohammed.ali/team6-frontend/node_modules/vite/node_modules/@esbuild/linux-arm64'
299 silly reify ]
300 verbose reify failed optional dependency /Users/mohammed.ali/team6-frontend/node_modules/vite/node_modules/@esbuild/linux-arm
301 silly reify mark deleted [
301 silly reify   '/Users/mohammed.ali/team6-frontend/node_modules/vite/node_modules/@esbuild/linux-arm'
301 silly reify ]
302 verbose reify failed optional dependency /Users/mohammed.ali/team6-frontend/node_modules/vite/node_modules/@esbuild/freebsd-x64
303 silly reify mark deleted [
303 silly reify   '/Users/mohammed.ali/team6-frontend/node_modules/vite/node_modules/@esbuild/freebsd-x64'
303 silly reify ]
304 verbose reify failed optional dependency /Users/mohammed.ali/team6-frontend/node_modules/vite/node_modules/@esbuild/freebsd-arm64
305 silly reify mark deleted [
305 silly reify   '/Users/mohammed.ali/team6-frontend/node_modules/vite/node_modules/@esbuild/freebsd-arm64'
305 silly reify ]
306 verbose reify failed optional dependency /Users/mohammed.ali/team6-frontend/node_modules/vite/node_modules/@esbuild/darwin-x64
307 silly reify mark deleted [
307 silly reify   '/Users/mohammed.ali/team6-frontend/node_modules/vite/node_modules/@esbuild/darwin-x64'
307 silly reify ]
308 verbose reify failed optional dependency /Users/mohammed.ali/team6-frontend/node_modules/vite/node_modules/@esbuild/android-x64
309 silly reify mark deleted [
309 silly reify   '/Users/mohammed.ali/team6-frontend/node_modules/vite/node_modules/@esbuild/android-x64'
309 silly reify ]
310 verbose reify failed optional dependency /Users/mohammed.ali/team6-frontend/node_modules/vite/node_modules/@esbuild/android-arm64
311 silly reify mark deleted [
311 silly reify   '/Users/mohammed.ali/team6-frontend/node_modules/vite/node_modules/@esbuild/android-arm64'
311 silly reify ]
312 verbose reify failed optional dependency /Users/mohammed.ali/team6-frontend/node_modules/vite/node_modules/@esbuild/android-arm
313 silly reify mark deleted [
313 silly reify   '/Users/mohammed.ali/team6-frontend/node_modules/vite/node_modules/@esbuild/android-arm'
313 silly reify ]
314 verbose reify failed optional dependency /Users/mohammed.ali/team6-frontend/node_modules/vite/node_modules/@esbuild/aix-ppc64
315 silly reify mark deleted [
315 silly reify   '/Users/mohammed.ali/team6-frontend/node_modules/vite/node_modules/@esbuild/aix-ppc64'
315 silly reify ]
316 http cache streamsearch@https://registry.npmjs.org/streamsearch/-/streamsearch-1.1.0.tgz 0ms (cache hit)
317 http cache typedarray@https://registry.npmjs.org/typedarray/-/typedarray-0.0.6.tgz 0ms (cache hit)
318 http cache buffer-from@https://registry.npmjs.org/buffer-from/-/buffer-from-1.1.2.tgz 0ms (cache hit)
319 http cache concat-stream@https://registry.npmjs.org/concat-stream/-/concat-stream-2.0.0.tgz 0ms (cache hit)
320 http cache append-field@https://registry.npmjs.org/append-field/-/append-field-1.0.0.tgz 0ms (cache hit)
321 http cache multer@https://registry.npmjs.org/multer/-/multer-2.2.0.tgz 0ms (cache hit)
322 http cache which@https://registry.npmjs.org/which/-/which-2.0.2.tgz 0ms (cache hit)
323 http cache @types/multer@https://registry.npmjs.org/@types/multer/-/multer-2.2.0.tgz 0ms (cache hit)
324 http cache busboy@https://registry.npmjs.org/busboy/-/busboy-1.6.0.tgz 0ms (cache hit)
325 http cache wrap-ansi-cjs@https://registry.npmjs.org/wrap-ansi/-/wrap-ansi-7.0.0.tgz 0ms (cache hit)
326 http cache vite-node@https://registry.npmjs.org/vite-node/-/vite-node-2.1.9.tgz 0ms (cache hit)
327 http cache tinyspy@https://registry.npmjs.org/tinyspy/-/tinyspy-3.0.2.tgz 0ms (cache hit)
328 http cache tinypool@https://registry.npmjs.org/tinypool/-/tinypool-1.1.1.tgz 0ms (cache hit)
329 http cache test-exclude@https://registry.npmjs.org/test-exclude/-/test-exclude-7.0.2.tgz 0ms (cache hit)
330 http cache string-width-cjs@https://registry.npmjs.org/string-width/-/string-width-4.2.3.tgz 0ms (cache hit)
331 http cache strip-ansi-cjs@https://registry.npmjs.org/strip-ansi/-/strip-ansi-6.0.1.tgz 0ms (cache hit)
332 http cache shebang-regex@https://registry.npmjs.org/shebang-regex/-/shebang-regex-3.0.0.tgz 0ms (cache hit)
333 http cache signal-exit@https://registry.npmjs.org/signal-exit/-/signal-exit-4.1.0.tgz 0ms (cache hit)
334 http cache shebang-command@https://registry.npmjs.org/shebang-command/-/shebang-command-2.0.0.tgz 0ms (cache hit)
335 http cache pathval@https://registry.npmjs.org/pathval/-/pathval-2.0.1.tgz 0ms (cache hit)
336 http cache path-scurry@https://registry.npmjs.org/path-scurry/-/path-scurry-1.11.1.tgz 0ms (cache hit)
337 http cache rollup@https://registry.npmjs.org/rollup/-/rollup-4.62.4.tgz 0ms (cache hit)
338 http cache path-key@https://registry.npmjs.org/path-key/-/path-key-3.1.1.tgz 0ms (cache hit)
339 http cache package-json-from-dist@https://registry.npmjs.org/package-json-from-dist/-/package-json-from-dist-1.0.1.tgz 0ms (cache hit)
340 http cache minipass@https://registry.npmjs.org/minipass/-/minipass-7.1.3.tgz 0ms (cache hit)
341 http cache minimatch@https://registry.npmjs.org/minimatch/-/minimatch-10.2.6.tgz 0ms (cache hit)
342 http cache lru-cache@https://registry.npmjs.org/lru-cache/-/lru-cache-10.4.3.tgz 0ms (cache hit)
343 http cache loupe@https://registry.npmjs.org/loupe/-/loupe-3.2.1.tgz 0ms (cache hit)
344 http cache jackspeak@https://registry.npmjs.org/jackspeak/-/jackspeak-3.4.3.tgz 0ms (cache hit)
345 http cache istanbul-lib-source-maps@https://registry.npmjs.org/istanbul-lib-source-maps/-/istanbul-lib-source-maps-5.0.6.tgz 0ms (cache hit)
346 http cache isexe@https://registry.npmjs.org/isexe/-/isexe-2.0.0.tgz 0ms (cache hit)
347 http cache foreground-child@https://registry.npmjs.org/foreground-child/-/foreground-child-3.3.1.tgz 0ms (cache hit)
348 http cache eastasianwidth@https://registry.npmjs.org/eastasianwidth/-/eastasianwidth-0.2.0.tgz 0ms (cache hit)
349 http cache cross-spawn@https://registry.npmjs.org/cross-spawn/-/cross-spawn-7.0.6.tgz 0ms (cache hit)
350 http cache deep-eql@https://registry.npmjs.org/deep-eql/-/deep-eql-5.0.2.tgz 0ms (cache hit)
351 http cache check-error@https://registry.npmjs.org/check-error/-/check-error-2.1.3.tgz 0ms (cache hit)
352 http cache brace-expansion@https://registry.npmjs.org/brace-expansion/-/brace-expansion-5.0.9.tgz 0ms (cache hit)
353 http cache balanced-match@https://registry.npmjs.org/balanced-match/-/balanced-match-4.0.4.tgz 0ms (cache hit)
354 http cache @pkgjs/parseargs@https://registry.npmjs.org/@pkgjs/parseargs/-/parseargs-0.11.0.tgz 0ms (cache hit)
355 http cache @jridgewell/gen-mapping@https://registry.npmjs.org/@jridgewell/gen-mapping/-/gen-mapping-0.3.13.tgz 0ms (cache hit)
356 http cache @istanbuljs/schema@https://registry.npmjs.org/@istanbuljs/schema/-/schema-0.1.6.tgz 0ms (cache hit)
357 http cache cac@https://registry.npmjs.org/cac/-/cac-6.7.14.tgz 0ms (cache hit)
358 http cache @isaacs/cliui@https://registry.npmjs.org/@isaacs/cliui/-/cliui-8.0.2.tgz 0ms (cache hit)
359 http cache @rollup/rollup-darwin-arm64@https://registry.npmjs.org/@rollup/rollup-darwin-arm64/-/rollup-darwin-arm64-4.62.4.tgz 0ms (cache hit)
360 http cache @ampproject/remapping@https://registry.npmjs.org/@ampproject/remapping/-/remapping-2.3.0.tgz 0ms (cache hit)
361 http cache vitest@https://registry.npmjs.org/vitest/-/vitest-2.1.9.tgz 0ms (cache hit)
362 http cache vite@https://registry.npmjs.org/vite/-/vite-5.4.21.tgz 0ms (cache hit)
363 http cache tinyrainbow@https://registry.npmjs.org/tinyrainbow/-/tinyrainbow-1.2.0.tgz 0ms (cache hit)
364 http cache pathe@https://registry.npmjs.org/pathe/-/pathe-1.1.2.tgz 0ms (cache hit)
365 http cache tinyexec@https://registry.npmjs.org/tinyexec/-/tinyexec-0.3.2.tgz 0ms (cache hit)
366 http cache std-env@https://registry.npmjs.org/std-env/-/std-env-3.10.0.tgz 0ms (cache hit)
367 http cache es-module-lexer@https://registry.npmjs.org/es-module-lexer/-/es-module-lexer-1.7.0.tgz 0ms (cache hit)
368 http cache magicast@https://registry.npmjs.org/magicast/-/magicast-0.3.5.tgz 0ms (cache hit)
369 http cache chai@https://registry.npmjs.org/chai/-/chai-5.3.3.tgz 0ms (cache hit)
370 http cache nanoid@https://registry.npmjs.org/nanoid/-/nanoid-3.3.17.tgz 0ms (cache hit)
371 http cache postcss@https://registry.npmjs.org/postcss/-/postcss-8.5.25.tgz 0ms (cache hit)
372 http cache @vitest/ui@https://registry.npmjs.org/@vitest/ui/-/ui-2.1.9.tgz 0ms (cache hit)
373 http cache @vitest/snapshot@https://registry.npmjs.org/@vitest/snapshot/-/snapshot-2.1.9.tgz 0ms (cache hit)
374 http cache @vitest/pretty-format@https://registry.npmjs.org/@vitest/pretty-format/-/pretty-format-2.1.9.tgz 0ms (cache hit)
375 http cache @vitest/utils@https://registry.npmjs.org/@vitest/utils/-/utils-2.1.9.tgz 0ms (cache hit)
376 http cache @vitest/mocker@https://registry.npmjs.org/@vitest/mocker/-/mocker-2.1.9.tgz 0ms (cache hit)
377 http cache @vitest/spy@https://registry.npmjs.org/@vitest/spy/-/spy-2.1.9.tgz 0ms (cache hit)
378 http cache @vitest/expect@https://registry.npmjs.org/@vitest/expect/-/expect-2.1.9.tgz 0ms (cache hit)
379 http cache @bcoe/v8-coverage@https://registry.npmjs.org/@bcoe/v8-coverage/-/v8-coverage-0.2.3.tgz 0ms (cache hit)
380 http cache @vitest/runner@https://registry.npmjs.org/@vitest/runner/-/runner-2.1.9.tgz 0ms (cache hit)
381 http cache safe-buffer@https://registry.npmjs.org/safe-buffer/-/safe-buffer-5.2.1.tgz 0ms (cache hit)
382 http cache @vitest/coverage-v8@https://registry.npmjs.org/@vitest/coverage-v8/-/coverage-v8-2.1.9.tgz 0ms (cache hit)
383 http cache mime-types@https://registry.npmjs.org/mime-types/-/mime-types-2.1.35.tgz 0ms (cache hit)
384 http cache mime-db@https://registry.npmjs.org/mime-db/-/mime-db-1.52.0.tgz 0ms (cache hit)
385 http cache readable-stream@https://registry.npmjs.org/readable-stream/-/readable-stream-3.6.2.tgz 0ms (cache hit)
386 http cache media-typer@https://registry.npmjs.org/media-typer/-/media-typer-0.3.0.tgz 0ms (cache hit)
387 http cache string_decoder@https://registry.npmjs.org/string_decoder/-/string_decoder-1.3.0.tgz 0ms (cache hit)
388 http cache type-is@https://registry.npmjs.org/type-is/-/type-is-1.6.18.tgz 0ms (cache hit)
389 http cache glob@https://registry.npmjs.org/glob/-/glob-10.5.0.tgz 0ms (cache hit)
390 http cache brace-expansion@https://registry.npmjs.org/brace-expansion/-/brace-expansion-2.1.4.tgz 0ms (cache hit)
391 http cache balanced-match@https://registry.npmjs.org/balanced-match/-/balanced-match-1.0.2.tgz 0ms (cache hit)
392 http cache emoji-regex@https://registry.npmjs.org/emoji-regex/-/emoji-regex-9.2.2.tgz 0ms (cache hit)
393 http cache wrap-ansi@https://registry.npmjs.org/wrap-ansi/-/wrap-ansi-8.1.0.tgz 0ms (cache hit)
394 http cache strip-ansi@https://registry.npmjs.org/strip-ansi/-/strip-ansi-7.2.0.tgz 0ms (cache hit)
395 http cache minimatch@https://registry.npmjs.org/minimatch/-/minimatch-9.0.9.tgz 0ms (cache hit)
396 http cache ansi-regex@https://registry.npmjs.org/ansi-regex/-/ansi-regex-6.2.2.tgz 0ms (cache hit)
397 http cache ansi-styles@https://registry.npmjs.org/ansi-styles/-/ansi-styles-6.2.3.tgz 0ms (cache hit)
398 http cache string-width@https://registry.npmjs.org/string-width/-/string-width-5.1.2.tgz 0ms (cache hit)
399 http cache esbuild@https://registry.npmjs.org/esbuild/-/esbuild-0.21.5.tgz 0ms (cache hit)
400 silly tarball no local data for streamsearch@https://registry.npmjs.org/streamsearch/-/streamsearch-1.1.0.tgz. Extracting by manifest.
401 silly tarball no local data for typedarray@https://registry.npmjs.org/typedarray/-/typedarray-0.0.6.tgz. Extracting by manifest.
402 silly tarball no local data for buffer-from@https://registry.npmjs.org/buffer-from/-/buffer-from-1.1.2.tgz. Extracting by manifest.
403 silly tarball no local data for concat-stream@https://registry.npmjs.org/concat-stream/-/concat-stream-2.0.0.tgz. Extracting by manifest.
404 silly tarball no local data for append-field@https://registry.npmjs.org/append-field/-/append-field-1.0.0.tgz. Extracting by manifest.
405 silly tarball no local data for multer@https://registry.npmjs.org/multer/-/multer-2.2.0.tgz. Extracting by manifest.
406 silly tarball no local data for which@https://registry.npmjs.org/which/-/which-2.0.2.tgz. Extracting by manifest.
407 silly tarball no local data for @types/multer@https://registry.npmjs.org/@types/multer/-/multer-2.2.0.tgz. Extracting by manifest.
408 silly tarball no local data for busboy@https://registry.npmjs.org/busboy/-/busboy-1.6.0.tgz. Extracting by manifest.
409 silly tarball no local data for wrap-ansi-cjs@https://registry.npmjs.org/wrap-ansi/-/wrap-ansi-7.0.0.tgz. Extracting by manifest.
410 silly tarball no local data for vite-node@https://registry.npmjs.org/vite-node/-/vite-node-2.1.9.tgz. Extracting by manifest.
411 silly tarball no local data for tinyspy@https://registry.npmjs.org/tinyspy/-/tinyspy-3.0.2.tgz. Extracting by manifest.
412 silly tarball no local data for tinypool@https://registry.npmjs.org/tinypool/-/tinypool-1.1.1.tgz. Extracting by manifest.
413 silly tarball no local data for test-exclude@https://registry.npmjs.org/test-exclude/-/test-exclude-7.0.2.tgz. Extracting by manifest.
414 silly tarball no local data for string-width-cjs@https://registry.npmjs.org/string-width/-/string-width-4.2.3.tgz. Extracting by manifest.
415 silly tarball no local data for strip-ansi-cjs@https://registry.npmjs.org/strip-ansi/-/strip-ansi-6.0.1.tgz. Extracting by manifest.
416 silly tarball no local data for shebang-regex@https://registry.npmjs.org/shebang-regex/-/shebang-regex-3.0.0.tgz. Extracting by manifest.
417 silly tarball no local data for signal-exit@https://registry.npmjs.org/signal-exit/-/signal-exit-4.1.0.tgz. Extracting by manifest.
418 silly tarball no local data for shebang-command@https://registry.npmjs.org/shebang-command/-/shebang-command-2.0.0.tgz. Extracting by manifest.
419 silly tarball no local data for pathval@https://registry.npmjs.org/pathval/-/pathval-2.0.1.tgz. Extracting by manifest.
420 silly tarball no local data for path-scurry@https://registry.npmjs.org/path-scurry/-/path-scurry-1.11.1.tgz. Extracting by manifest.
421 silly tarball no local data for rollup@https://registry.npmjs.org/rollup/-/rollup-4.62.4.tgz. Extracting by manifest.
422 silly tarball no local data for path-key@https://registry.npmjs.org/path-key/-/path-key-3.1.1.tgz. Extracting by manifest.
423 silly tarball no local data for package-json-from-dist@https://registry.npmjs.org/package-json-from-dist/-/package-json-from-dist-1.0.1.tgz. Extracting by manifest.
424 silly tarball no local data for minipass@https://registry.npmjs.org/minipass/-/minipass-7.1.3.tgz. Extracting by manifest.
425 silly tarball no local data for minimatch@https://registry.npmjs.org/minimatch/-/minimatch-10.2.6.tgz. Extracting by manifest.
426 silly tarball no local data for lru-cache@https://registry.npmjs.org/lru-cache/-/lru-cache-10.4.3.tgz. Extracting by manifest.
427 silly tarball no local data for loupe@https://registry.npmjs.org/loupe/-/loupe-3.2.1.tgz. Extracting by manifest.
428 silly tarball no local data for jackspeak@https://registry.npmjs.org/jackspeak/-/jackspeak-3.4.3.tgz. Extracting by manifest.
429 silly tarball no local data for istanbul-lib-source-maps@https://registry.npmjs.org/istanbul-lib-source-maps/-/istanbul-lib-source-maps-5.0.6.tgz. Extracting by manifest.
430 silly tarball no local data for isexe@https://registry.npmjs.org/isexe/-/isexe-2.0.0.tgz. Extracting by manifest.
431 silly tarball no local data for foreground-child@https://registry.npmjs.org/foreground-child/-/foreground-child-3.3.1.tgz. Extracting by manifest.
432 http cache @esbuild/darwin-arm64@https://registry.npmjs.org/@esbuild/darwin-arm64/-/darwin-arm64-0.21.5.tgz 0ms (cache hit)
433 http cache picomatch@https://registry.npmjs.org/picomatch/-/picomatch-4.0.5.tgz 0ms (cache hit)
434 silly tarball no local data for eastasianwidth@https://registry.npmjs.org/eastasianwidth/-/eastasianwidth-0.2.0.tgz. Extracting by manifest.
435 silly tarball no local data for cross-spawn@https://registry.npmjs.org/cross-spawn/-/cross-spawn-7.0.6.tgz. Extracting by manifest.
436 silly tarball no local data for deep-eql@https://registry.npmjs.org/deep-eql/-/deep-eql-5.0.2.tgz. Extracting by manifest.
437 silly tarball no local data for check-error@https://registry.npmjs.org/check-error/-/check-error-2.1.3.tgz. Extracting by manifest.
438 silly tarball no local data for brace-expansion@https://registry.npmjs.org/brace-expansion/-/brace-expansion-5.0.9.tgz. Extracting by manifest.
439 silly tarball no local data for balanced-match@https://registry.npmjs.org/balanced-match/-/balanced-match-4.0.4.tgz. Extracting by manifest.
440 http cache fdir@https://registry.npmjs.org/fdir/-/fdir-6.5.0.tgz 0ms (cache hit)
441 silly tarball no local data for @pkgjs/parseargs@https://registry.npmjs.org/@pkgjs/parseargs/-/parseargs-0.11.0.tgz. Extracting by manifest.
442 silly tarball no local data for @jridgewell/gen-mapping@https://registry.npmjs.org/@jridgewell/gen-mapping/-/gen-mapping-0.3.13.tgz. Extracting by manifest.
443 silly tarball no local data for @istanbuljs/schema@https://registry.npmjs.org/@istanbuljs/schema/-/schema-0.1.6.tgz. Extracting by manifest.
444 silly tarball no local data for cac@https://registry.npmjs.org/cac/-/cac-6.7.14.tgz. Extracting by manifest.
445 silly tarball no local data for @isaacs/cliui@https://registry.npmjs.org/@isaacs/cliui/-/cliui-8.0.2.tgz. Extracting by manifest.
446 silly tarball no local data for @rollup/rollup-darwin-arm64@https://registry.npmjs.org/@rollup/rollup-darwin-arm64/-/rollup-darwin-arm64-4.62.4.tgz. Extracting by manifest.
447 silly tarball no local data for @ampproject/remapping@https://registry.npmjs.org/@ampproject/remapping/-/remapping-2.3.0.tgz. Extracting by manifest.
448 silly tarball no local data for vitest@https://registry.npmjs.org/vitest/-/vitest-2.1.9.tgz. Extracting by manifest.
449 silly tarball no local data for vite@https://registry.npmjs.org/vite/-/vite-5.4.21.tgz. Extracting by manifest.
450 silly tarball no local data for tinyrainbow@https://registry.npmjs.org/tinyrainbow/-/tinyrainbow-1.2.0.tgz. Extracting by manifest.
451 silly tarball no local data for pathe@https://registry.npmjs.org/pathe/-/pathe-1.1.2.tgz. Extracting by manifest.
452 silly tarball no local data for tinyexec@https://registry.npmjs.org/tinyexec/-/tinyexec-0.3.2.tgz. Extracting by manifest.
453 silly tarball no local data for std-env@https://registry.npmjs.org/std-env/-/std-env-3.10.0.tgz. Extracting by manifest.
454 silly tarball no local data for es-module-lexer@https://registry.npmjs.org/es-module-lexer/-/es-module-lexer-1.7.0.tgz. Extracting by manifest.
455 silly tarball no local data for magicast@https://registry.npmjs.org/magicast/-/magicast-0.3.5.tgz. Extracting by manifest.
456 silly tarball no local data for chai@https://registry.npmjs.org/chai/-/chai-5.3.3.tgz. Extracting by manifest.
457 silly tarball no local data for nanoid@https://registry.npmjs.org/nanoid/-/nanoid-3.3.17.tgz. Extracting by manifest.
458 silly tarball no local data for postcss@https://registry.npmjs.org/postcss/-/postcss-8.5.25.tgz. Extracting by manifest.
459 silly tarball no local data for @vitest/ui@https://registry.npmjs.org/@vitest/ui/-/ui-2.1.9.tgz. Extracting by manifest.
460 silly tarball no local data for @vitest/snapshot@https://registry.npmjs.org/@vitest/snapshot/-/snapshot-2.1.9.tgz. Extracting by manifest.
461 silly tarball no local data for @vitest/pretty-format@https://registry.npmjs.org/@vitest/pretty-format/-/pretty-format-2.1.9.tgz. Extracting by manifest.
462 silly tarball no local data for @vitest/utils@https://registry.npmjs.org/@vitest/utils/-/utils-2.1.9.tgz. Extracting by manifest.
463 silly tarball no local data for @vitest/mocker@https://registry.npmjs.org/@vitest/mocker/-/mocker-2.1.9.tgz. Extracting by manifest.
464 silly tarball no local data for @vitest/spy@https://registry.npmjs.org/@vitest/spy/-/spy-2.1.9.tgz. Extracting by manifest.
465 silly tarball no local data for @vitest/expect@https://registry.npmjs.org/@vitest/expect/-/expect-2.1.9.tgz. Extracting by manifest.
466 silly tarball no local data for @bcoe/v8-coverage@https://registry.npmjs.org/@bcoe/v8-coverage/-/v8-coverage-0.2.3.tgz. Extracting by manifest.
467 silly tarball no local data for @vitest/runner@https://registry.npmjs.org/@vitest/runner/-/runner-2.1.9.tgz. Extracting by manifest.
468 silly tarball no local data for safe-buffer@https://registry.npmjs.org/safe-buffer/-/safe-buffer-5.2.1.tgz. Extracting by manifest.
469 silly tarball no local data for @vitest/coverage-v8@https://registry.npmjs.org/@vitest/coverage-v8/-/coverage-v8-2.1.9.tgz. Extracting by manifest.
470 silly tarball no local data for mime-types@https://registry.npmjs.org/mime-types/-/mime-types-2.1.35.tgz. Extracting by manifest.
471 silly tarball no local data for mime-db@https://registry.npmjs.org/mime-db/-/mime-db-1.52.0.tgz. Extracting by manifest.
472 silly tarball no local data for readable-stream@https://registry.npmjs.org/readable-stream/-/readable-stream-3.6.2.tgz. Extracting by manifest.
473 silly tarball no local data for media-typer@https://registry.npmjs.org/media-typer/-/media-typer-0.3.0.tgz. Extracting by manifest.
474 silly tarball no local data for string_decoder@https://registry.npmjs.org/string_decoder/-/string_decoder-1.3.0.tgz. Extracting by manifest.
475 silly tarball no local data for type-is@https://registry.npmjs.org/type-is/-/type-is-1.6.18.tgz. Extracting by manifest.
476 silly tarball no local data for glob@https://registry.npmjs.org/glob/-/glob-10.5.0.tgz. Extracting by manifest.
477 silly tarball no local data for brace-expansion@https://registry.npmjs.org/brace-expansion/-/brace-expansion-2.1.4.tgz. Extracting by manifest.
478 silly tarball no local data for balanced-match@https://registry.npmjs.org/balanced-match/-/balanced-match-1.0.2.tgz. Extracting by manifest.
479 silly tarball no local data for emoji-regex@https://registry.npmjs.org/emoji-regex/-/emoji-regex-9.2.2.tgz. Extracting by manifest.
480 silly tarball no local data for wrap-ansi@https://registry.npmjs.org/wrap-ansi/-/wrap-ansi-8.1.0.tgz. Extracting by manifest.
481 silly tarball no local data for strip-ansi@https://registry.npmjs.org/strip-ansi/-/strip-ansi-7.2.0.tgz. Extracting by manifest.
482 silly tarball no local data for minimatch@https://registry.npmjs.org/minimatch/-/minimatch-9.0.9.tgz. Extracting by manifest.
483 silly tarball no local data for ansi-regex@https://registry.npmjs.org/ansi-regex/-/ansi-regex-6.2.2.tgz. Extracting by manifest.
484 silly tarball no local data for ansi-styles@https://registry.npmjs.org/ansi-styles/-/ansi-styles-6.2.3.tgz. Extracting by manifest.
485 silly tarball no local data for string-width@https://registry.npmjs.org/string-width/-/string-width-5.1.2.tgz. Extracting by manifest.
486 silly tarball no local data for esbuild@https://registry.npmjs.org/esbuild/-/esbuild-0.21.5.tgz. Extracting by manifest.
487 silly tarball no local data for @esbuild/darwin-arm64@https://registry.npmjs.org/@esbuild/darwin-arm64/-/darwin-arm64-0.21.5.tgz. Extracting by manifest.
488 silly tarball no local data for picomatch@https://registry.npmjs.org/picomatch/-/picomatch-4.0.5.tgz. Extracting by manifest.
489 silly tarball no local data for fdir@https://registry.npmjs.org/fdir/-/fdir-6.5.0.tgz. Extracting by manifest.
490 http fetch GET 200 https://registry.npmjs.org/append-field/-/append-field-1.0.0.tgz 39ms (cache miss)
491 http fetch GET 200 https://registry.npmjs.org/buffer-from/-/buffer-from-1.1.2.tgz 46ms (cache miss)
492 http fetch GET 200 https://registry.npmjs.org/concat-stream/-/concat-stream-2.0.0.tgz 47ms (cache miss)
493 http fetch GET 200 https://registry.npmjs.org/typedarray/-/typedarray-0.0.6.tgz 53ms (cache miss)
494 http fetch GET 200 https://registry.npmjs.org/streamsearch/-/streamsearch-1.1.0.tgz 56ms (cache miss)
495 http fetch GET 200 https://registry.npmjs.org/string-width/-/string-width-4.2.3.tgz 62ms (cache miss)
496 http fetch GET 200 https://registry.npmjs.org/strip-ansi/-/strip-ansi-6.0.1.tgz 63ms (cache miss)
497 http fetch GET 200 https://registry.npmjs.org/shebang-regex/-/shebang-regex-3.0.0.tgz 64ms (cache miss)
498 http fetch GET 200 https://registry.npmjs.org/shebang-command/-/shebang-command-2.0.0.tgz 102ms (cache miss)
499 http fetch GET 200 https://registry.npmjs.org/pathval/-/pathval-2.0.1.tgz 103ms (cache miss)
500 http fetch GET 200 https://registry.npmjs.org/which/-/which-2.0.2.tgz 105ms (cache miss)
501 http fetch GET 200 https://registry.npmjs.org/wrap-ansi/-/wrap-ansi-7.0.0.tgz 115ms (cache miss)
502 http fetch GET 200 https://registry.npmjs.org/test-exclude/-/test-exclude-7.0.2.tgz 116ms (cache miss)
503 http fetch GET 200 https://registry.npmjs.org/@types/multer/-/multer-2.2.0.tgz 120ms (cache miss)
504 http fetch GET 200 https://registry.npmjs.org/tinyspy/-/tinyspy-3.0.2.tgz 121ms (cache miss)
505 http fetch GET 200 https://registry.npmjs.org/signal-exit/-/signal-exit-4.1.0.tgz 127ms (cache miss)
506 http fetch GET 200 https://registry.npmjs.org/multer/-/multer-2.2.0.tgz 128ms (cache miss)
507 http fetch GET 200 https://registry.npmjs.org/tinypool/-/tinypool-1.1.1.tgz 136ms (cache miss)
508 http fetch GET 200 https://registry.npmjs.org/path-key/-/path-key-3.1.1.tgz 161ms (cache miss)
509 http fetch GET 200 https://registry.npmjs.org/eastasianwidth/-/eastasianwidth-0.2.0.tgz 167ms (cache miss)
510 http fetch GET 200 https://registry.npmjs.org/isexe/-/isexe-2.0.0.tgz 167ms (cache miss)
511 http fetch POST 200 https://registry.npmjs.org/-/npm/v1/security/advisories/bulk 236ms
512 silly audit report {
512 silly audit report   esbuild: [
512 silly audit report     {
512 silly audit report       id: 1102341,
512 silly audit report       url: 'https://github.com/advisories/GHSA-67mh-4wv8-2f99',
512 silly audit report       title: 'esbuild enables any website to send any requests to the development server and read the response',
512 silly audit report       severity: 'moderate',
512 silly audit report       vulnerable_versions: '<=0.24.2',
512 silly audit report       cwe: [Array],
512 silly audit report       cvss: [Object]
512 silly audit report     }
512 silly audit report   ],
512 silly audit report   vite: [
512 silly audit report     {
512 silly audit report       id: 1120784,
512 silly audit report       url: 'https://github.com/advisories/GHSA-v6wh-96g9-6wx3',
512 silly audit report       title: 'launch-editor: NTLMv2 hash disclosure via UNC path handling on Windows',
512 silly audit report       severity: 'moderate',
512 silly audit report       vulnerable_versions: '<=6.4.2',
512 silly audit report       cwe: [Array],
512 silly audit report       cvss: [Object]
512 silly audit report     },
512 silly audit report     {
512 silly audit report       id: 1116229,
512 silly audit report       url: 'https://github.com/advisories/GHSA-4w7w-66w2-5vf9',
512 silly audit report       title: 'Vite Vulnerable to Path Traversal in Optimized Deps `.map` Handling',
512 silly audit report       severity: 'moderate',
512 silly audit report       vulnerable_versions: '<=6.4.1',
512 silly audit report       cwe: [Array],
512 silly audit report       cvss: [Object]
512 silly audit report     },
512 silly audit report     {
512 silly audit report       id: 1123525,
512 silly audit report       url: 'https://github.com/advisories/GHSA-fx2h-pf6j-xcff',
512 silly audit report       title: 'vite: `server.fs.deny` bypass on Windows alternate paths',
512 silly audit report       severity: 'high',
512 silly audit report       vulnerable_versions: '<=6.4.2',
512 silly audit report       cwe: [Array],
512 silly audit report       cvss: [Object]
512 silly audit report     }
512 silly audit report   ],
512 silly audit report   vitest: [
512 silly audit report     {
512 silly audit report       id: 1120126,
512 silly audit report       url: 'https://github.com/advisories/GHSA-5xrq-8626-4rwp',
512 silly audit report       title: 'When Vitest UI server is listening, arbitrary file can be read and executed',
512 silly audit report       severity: 'critical',
512 silly audit report       vulnerable_versions: '<3.2.6',
512 silly audit report       cwe: [Array],
512 silly audit report       cvss: [Object]
512 silly audit report     }
512 silly audit report   ]
512 silly audit report }
513 silly packumentCache corgi:https://registry.npmjs.org/esbuild cache-miss
514 silly packumentCache corgi:https://registry.npmjs.org/vite cache-miss
515 silly packumentCache corgi:https://registry.npmjs.org/vitest cache-miss
516 http fetch GET 200 https://registry.npmjs.org/deep-eql/-/deep-eql-5.0.2.tgz 260ms (cache miss)
517 http fetch GET 200 https://registry.npmjs.org/busboy/-/busboy-1.6.0.tgz 264ms (cache miss)
518 http fetch GET 200 https://registry.npmjs.org/balanced-match/-/balanced-match-4.0.4.tgz 294ms (cache miss)
519 http fetch GET 200 https://registry.npmjs.org/check-error/-/check-error-2.1.3.tgz 305ms (cache miss)
520 http fetch GET 200 https://registry.npmjs.org/cross-spawn/-/cross-spawn-7.0.6.tgz 309ms (cache miss)
521 http fetch GET 200 https://registry.npmjs.org/path-scurry/-/path-scurry-1.11.1.tgz 348ms (cache miss)
522 http fetch GET 200 https://registry.npmjs.org/istanbul-lib-source-maps/-/istanbul-lib-source-maps-5.0.6.tgz 349ms (cache miss)
523 http fetch GET 200 https://registry.npmjs.org/tinyrainbow/-/tinyrainbow-1.2.0.tgz 347ms (cache miss)
524 http fetch GET 200 https://registry.npmjs.org/@istanbuljs/schema/-/schema-0.1.6.tgz 354ms (cache miss)
525 http fetch GET 200 https://registry.npmjs.org/safe-buffer/-/safe-buffer-5.2.1.tgz 362ms (cache miss)
526 http fetch GET 200 https://registry.npmjs.org/std-env/-/std-env-3.10.0.tgz 373ms (cache miss)
527 http fetch GET 200 https://registry.npmjs.org/mime-types/-/mime-types-2.1.35.tgz 375ms (cache miss)
528 http fetch GET 200 https://registry.npmjs.org/@isaacs/cliui/-/cliui-8.0.2.tgz 378ms (cache miss)
529 http fetch GET 200 https://registry.npmjs.org/string_decoder/-/string_decoder-1.3.0.tgz 376ms (cache miss)
530 http fetch GET 200 https://registry.npmjs.org/media-typer/-/media-typer-0.3.0.tgz 378ms (cache miss)
531 http fetch GET 200 https://registry.npmjs.org/brace-expansion/-/brace-expansion-2.1.4.tgz 384ms (cache miss)
532 http fetch GET 200 https://registry.npmjs.org/balanced-match/-/balanced-match-1.0.2.tgz 383ms (cache miss)
533 http fetch GET 200 https://registry.npmjs.org/package-json-from-dist/-/package-json-from-dist-1.0.1.tgz 389ms (cache miss)
534 http fetch GET 200 https://registry.npmjs.org/strip-ansi/-/strip-ansi-7.2.0.tgz 385ms (cache miss)
535 http fetch GET 200 https://registry.npmjs.org/wrap-ansi/-/wrap-ansi-8.1.0.tgz 385ms (cache miss)
536 http fetch GET 200 https://registry.npmjs.org/ansi-regex/-/ansi-regex-6.2.2.tgz 385ms (cache miss)
537 http fetch GET 200 https://registry.npmjs.org/type-is/-/type-is-1.6.18.tgz 387ms (cache miss)
538 http fetch GET 200 https://registry.npmjs.org/ansi-styles/-/ansi-styles-6.2.3.tgz 388ms (cache miss)
539 http fetch GET 200 https://registry.npmjs.org/string-width/-/string-width-5.1.2.tgz 389ms (cache miss)
540 http fetch GET 200 https://registry.npmjs.org/tinyexec/-/tinyexec-0.3.2.tgz 394ms (cache miss)
541 http fetch GET 200 https://registry.npmjs.org/esbuild/-/esbuild-0.21.5.tgz 393ms (cache miss)
542 http fetch GET 200 https://registry.npmjs.org/es-module-lexer/-/es-module-lexer-1.7.0.tgz 396ms (cache miss)
543 http fetch GET 200 https://registry.npmjs.org/fdir/-/fdir-6.5.0.tgz 385ms (cache miss)
544 http fetch GET 200 https://registry.npmjs.org/@vitest/pretty-format/-/pretty-format-2.1.9.tgz 399ms (cache miss)
545 http fetch GET 200 https://registry.npmjs.org/mime-db/-/mime-db-1.52.0.tgz 399ms (cache miss)
546 http fetch GET 200 https://registry.npmjs.org/picomatch/-/picomatch-4.0.5.tgz 392ms (cache miss)
547 http fetch GET 200 https://registry.npmjs.org/@vitest/runner/-/runner-2.1.9.tgz 404ms (cache miss)
548 http fetch GET 200 https://registry.npmjs.org/cac/-/cac-6.7.14.tgz 409ms (cache miss)
549 http fetch GET 200 https://registry.npmjs.org/emoji-regex/-/emoji-regex-9.2.2.tgz 407ms (cache miss)
550 http fetch GET 200 https://registry.npmjs.org/pathe/-/pathe-1.1.2.tgz 415ms (cache miss)
551 http fetch GET 200 https://registry.npmjs.org/@ampproject/remapping/-/remapping-2.3.0.tgz 416ms (cache miss)
552 http fetch GET 200 https://registry.npmjs.org/brace-expansion/-/brace-expansion-5.0.9.tgz 422ms (cache miss)
553 http fetch GET 200 https://registry.npmjs.org/nanoid/-/nanoid-3.3.17.tgz 421ms (cache miss)
554 http fetch GET 200 https://registry.npmjs.org/@vitest/spy/-/spy-2.1.9.tgz 420ms (cache miss)
555 http fetch GET 200 https://registry.npmjs.org/minipass/-/minipass-7.1.3.tgz 425ms (cache miss)
556 http fetch GET 200 https://registry.npmjs.org/@pkgjs/parseargs/-/parseargs-0.11.0.tgz 426ms (cache miss)
557 http fetch GET 200 https://registry.npmjs.org/@vitest/utils/-/utils-2.1.9.tgz 428ms (cache miss)
558 http fetch GET 200 https://registry.npmjs.org/vite-node/-/vite-node-2.1.9.tgz 440ms (cache miss)
559 http fetch GET 200 https://registry.npmjs.org/@vitest/expect/-/expect-2.1.9.tgz 436ms (cache miss)
560 http fetch GET 200 https://registry.npmjs.org/@vitest/snapshot/-/snapshot-2.1.9.tgz 440ms (cache miss)
561 http fetch GET 200 https://registry.npmjs.org/magicast/-/magicast-0.3.5.tgz 450ms (cache miss)
562 http fetch GET 200 https://registry.npmjs.org/esbuild 233ms (cache miss)
563 silly packumentCache corgi:https://registry.npmjs.org/esbuild set size:undefined disposed:false
564 http fetch GET 200 https://registry.npmjs.org/@vitest/coverage-v8/-/coverage-v8-2.1.9.tgz 455ms (cache miss)
565 http fetch GET 200 https://registry.npmjs.org/@vitest/mocker/-/mocker-2.1.9.tgz 455ms (cache miss)
566 http fetch GET 200 https://registry.npmjs.org/@jridgewell/gen-mapping/-/gen-mapping-0.3.13.tgz 459ms (cache miss)
567 http fetch GET 200 https://registry.npmjs.org/jackspeak/-/jackspeak-3.4.3.tgz 463ms (cache miss)
568 http fetch GET 200 https://registry.npmjs.org/vitest 247ms (cache miss)
569 silly packumentCache corgi:https://registry.npmjs.org/vitest set size:undefined disposed:false
570 http fetch GET 200 https://registry.npmjs.org/readable-stream/-/readable-stream-3.6.2.tgz 472ms (cache miss)
571 http fetch GET 200 https://registry.npmjs.org/@rollup/rollup-darwin-arm64/-/rollup-darwin-arm64-4.62.4.tgz 482ms (cache miss)
572 http fetch GET 200 https://registry.npmjs.org/foreground-child/-/foreground-child-3.3.1.tgz 485ms (cache miss)
573 http fetch GET 200 https://registry.npmjs.org/@vitest/ui/-/ui-2.1.9.tgz 484ms (cache miss)
574 http fetch GET 200 https://registry.npmjs.org/loupe/-/loupe-3.2.1.tgz 486ms (cache miss)
575 http fetch GET 200 https://registry.npmjs.org/lru-cache/-/lru-cache-10.4.3.tgz 486ms (cache miss)
576 http fetch GET 200 https://registry.npmjs.org/postcss/-/postcss-8.5.25.tgz 490ms (cache miss)
577 http fetch GET 200 https://registry.npmjs.org/vite 273ms (cache miss)
578 silly packumentCache corgi:https://registry.npmjs.org/vite set size:undefined disposed:false
579 silly packumentCache corgi:https://registry.npmjs.org/@vitest%2fmocker cache-miss
580 silly packumentCache corgi:https://registry.npmjs.org/vite-node cache-miss
581 http fetch GET 200 https://registry.npmjs.org/rollup/-/rollup-4.62.4.tgz 627ms (cache miss)
582 http fetch GET 200 https://registry.npmjs.org/chai/-/chai-5.3.3.tgz 624ms (cache miss)
583 http fetch GET 200 https://registry.npmjs.org/minimatch/-/minimatch-10.2.6.tgz 631ms (cache miss)
584 http fetch GET 200 https://registry.npmjs.org/@bcoe/v8-coverage/-/v8-coverage-0.2.3.tgz 629ms (cache miss)
585 http fetch GET 200 https://registry.npmjs.org/minimatch/-/minimatch-9.0.9.tgz 630ms (cache miss)
586 http fetch GET 200 https://registry.npmjs.org/vite/-/vite-5.4.21.tgz 642ms (cache miss)
587 http fetch GET 200 https://registry.npmjs.org/glob/-/glob-10.5.0.tgz 645ms (cache miss)
588 warn deprecated glob@10.5.0: Old versions of glob are not supported, and contain widely publicized security vulnerabilities, which have been fixed in the current version. Please update. Support for old versions may be purchased (at exorbitant rates) by contacting i@izs.me
589 http fetch GET 200 https://registry.npmjs.org/vite-node 80ms (cache miss)
590 silly packumentCache corgi:https://registry.npmjs.org/vite-node set size:undefined disposed:false
591 http fetch GET 200 https://registry.npmjs.org/@vitest%2fmocker 94ms (cache miss)
592 silly packumentCache corgi:https://registry.npmjs.org/@vitest%2fmocker set size:undefined disposed:false
593 silly packumentCache corgi:https://registry.npmjs.org/@vitest%2fcoverage-v8 cache-miss
594 silly packumentCache corgi:https://registry.npmjs.org/@vitest%2fui cache-miss
595 http fetch GET 200 https://registry.npmjs.org/vitest/-/vitest-2.1.9.tgz 679ms (cache miss)
596 http fetch GET 200 https://registry.npmjs.org/@esbuild/darwin-arm64/-/darwin-arm64-0.21.5.tgz 679ms (cache miss)
597 info run esbuild@0.21.5 postinstall node_modules/vite/node_modules/esbuild node install.js
598 http fetch GET 200 https://registry.npmjs.org/@vitest%2fcoverage-v8 41ms (cache miss)
599 silly packumentCache corgi:https://registry.npmjs.org/@vitest%2fcoverage-v8 set size:undefined disposed:false
600 http fetch GET 200 https://registry.npmjs.org/@vitest%2fui 91ms (cache miss)
601 silly packumentCache corgi:https://registry.npmjs.org/@vitest%2fui set size:undefined disposed:false
602 info run esbuild@0.21.5 postinstall { code: 0, signal: null }
603 silly ADD node_modules/typedarray
604 silly ADD node_modules/buffer-from
605 silly ADD node_modules/streamsearch
606 silly ADD node_modules/concat-stream
607 silly ADD node_modules/concat-stream/node_modules/safe-buffer
608 silly ADD node_modules/concat-stream/node_modules/string_decoder
609 silly ADD node_modules/concat-stream/node_modules/readable-stream
610 silly ADD node_modules/busboy
611 silly ADD node_modules/append-field
612 silly ADD node_modules/multer
613 silly ADD node_modules/multer/node_modules/mime-db
614 silly ADD node_modules/multer/node_modules/mime-types
615 silly ADD node_modules/multer/node_modules/media-typer
616 silly ADD node_modules/multer/node_modules/type-is
617 silly ADD node_modules/@types/multer
618 silly ADD node_modules/wrap-ansi-cjs
619 silly ADD node_modules/which
620 silly ADD node_modules/vite-node
621 silly ADD node_modules/tinyspy
622 silly ADD node_modules/tinypool
623 silly ADD node_modules/test-exclude
624 silly ADD node_modules/test-exclude/node_modules/glob
625 silly ADD node_modules/test-exclude/node_modules/glob/node_modules/minimatch
626 silly ADD node_modules/test-exclude/node_modules/brace-expansion
627 silly ADD node_modules/test-exclude/node_modules/balanced-match
628 silly ADD node_modules/strip-ansi-cjs
629 silly ADD node_modules/string-width-cjs
630 silly ADD node_modules/signal-exit
631 silly ADD node_modules/shebang-regex
632 silly ADD node_modules/shebang-command
633 silly ADD node_modules/rollup
634 silly ADD node_modules/pathval
635 silly ADD node_modules/path-scurry
636 silly ADD node_modules/path-key
637 silly ADD node_modules/package-json-from-dist
638 silly ADD node_modules/minipass
639 silly ADD node_modules/minimatch
640 silly ADD node_modules/lru-cache
641 silly ADD node_modules/loupe
642 silly ADD node_modules/jackspeak
643 silly ADD node_modules/istanbul-lib-source-maps
644 silly ADD node_modules/isexe
645 silly ADD node_modules/foreground-child
646 silly ADD node_modules/eastasianwidth
647 silly ADD node_modules/deep-eql
648 silly ADD node_modules/cross-spawn
649 silly ADD node_modules/check-error
650 silly ADD node_modules/cac
651 silly ADD node_modules/brace-expansion
652 silly ADD node_modules/balanced-match
653 silly ADD
654 silly ADD
655 silly ADD
656 silly ADD
657 silly ADD
658 silly ADD
659 silly ADD
660 silly ADD
661 silly ADD
662 silly ADD
663 silly ADD
664 silly ADD
665 silly ADD
666 silly ADD
667 silly ADD
668 silly ADD
669 silly ADD
670 silly ADD
671 silly ADD
672 silly ADD
673 silly ADD
674 silly ADD
675 silly ADD
676 silly ADD
677 silly ADD
678 silly ADD
679 silly ADD
680 silly ADD
681 silly ADD
682 silly ADD
683 silly ADD
684 silly ADD
685 silly ADD
686 silly ADD
687 silly ADD
688 silly ADD
689 silly ADD
690 silly ADD
691 silly ADD
692 silly ADD
693 silly ADD
694 silly ADD node_modules/@rollup/rollup-darwin-arm64
695 silly ADD
696 silly ADD
697 silly ADD node_modules/@pkgjs/parseargs
698 silly ADD
699 silly ADD node_modules/@jridgewell/gen-mapping
700 silly ADD node_modules/@istanbuljs/schema
701 silly ADD node_modules/@isaacs/cliui
702 silly ADD node_modules/@isaacs/cliui/node_modules/wrap-ansi
703 silly ADD node_modules/@isaacs/cliui/node_modules/strip-ansi
704 silly ADD node_modules/@isaacs/cliui/node_modules/string-width
705 silly ADD node_modules/@isaacs/cliui/node_modules/emoji-regex
706 silly ADD node_modules/@isaacs/cliui/node_modules/ansi-styles
707 silly ADD node_modules/@isaacs/cliui/node_modules/ansi-regex
708 silly ADD
709 silly ADD
710 silly ADD
711 silly ADD
712 silly ADD
713 silly ADD
714 silly ADD
715 silly ADD
716 silly ADD
717 silly ADD
718 silly ADD
719 silly ADD
720 silly ADD
721 silly ADD
722 silly ADD
723 silly ADD
724 silly ADD
725 silly ADD
726 silly ADD
727 silly ADD
728 silly ADD
729 silly ADD
730 silly ADD
731 silly ADD
732 silly ADD
733 silly ADD node_modules/@ampproject/remapping
734 silly CHANGE node_modules/vitest
735 silly CHANGE node_modules/vite
736 silly ADD node_modules/vite/node_modules/esbuild
737 silly ADD
738 silly ADD
739 silly ADD
740 silly ADD
741 silly ADD
742 silly ADD
743 silly ADD
744 silly ADD
745 silly ADD
746 silly ADD
747 silly ADD
748 silly ADD
749 silly ADD
750 silly ADD
751 silly ADD
752 silly ADD
753 silly ADD
754 silly ADD
755 silly ADD node_modules/vite/node_modules/@esbuild/darwin-arm64
756 silly ADD
757 silly ADD
758 silly ADD
759 silly ADD
760 silly CHANGE node_modules/tinyrainbow
761 silly ADD node_modules/tinyglobby/node_modules/picomatch
762 silly ADD node_modules/tinyglobby/node_modules/fdir
763 silly CHANGE node_modules/tinyexec
764 silly CHANGE node_modules/std-env
765 silly REMOVE node_modules/rolldown
766 silly CHANGE node_modules/postcss
767 silly REMOVE node_modules/picomatch
768 silly CHANGE node_modules/pathe
769 silly REMOVE node_modules/obug
770 silly CHANGE node_modules/nanoid
771 silly CHANGE node_modules/magicast
772 silly REMOVE node_modules/lightningcss-darwin-arm64
773 silly REMOVE node_modules/lightningcss
774 silly REMOVE node_modules/js-tokens
775 silly REMOVE node_modules/fdir
776 silly CHANGE node_modules/es-module-lexer
777 silly REMOVE node_modules/detect-libc
778 silly REMOVE node_modules/convert-source-map
779 silly CHANGE node_modules/chai
780 silly REMOVE node_modules/ast-v8-to-istanbul
781 silly CHANGE node_modules/@vitest/utils
782 silly CHANGE node_modules/@vitest/ui
783 silly CHANGE node_modules/@vitest/spy
784 silly CHANGE node_modules/@vitest/snapshot
785 silly CHANGE node_modules/@vitest/runner
786 silly CHANGE node_modules/@vitest/pretty-format
787 silly CHANGE node_modules/@vitest/mocker
788 silly CHANGE node_modules/@vitest/expect
789 silly CHANGE node_modules/@vitest/coverage-v8
790 silly REMOVE node_modules/@types/deep-eql
791 silly REMOVE node_modules/@types/chai
792 silly REMOVE node_modules/@standard-schema/spec
793 silly REMOVE node_modules/@rolldown/pluginutils
794 silly REMOVE node_modules/@rolldown/binding-darwin-arm64
795 silly REMOVE node_modules/@oxc-project/types
796 silly CHANGE node_modules/@bcoe/v8-coverage
797 verbose cwd /Users/mohammed.ali/team6-frontend
798 verbose os Darwin 25.6.0
799 verbose node v22.23.1
800 verbose npm  v10.9.8
801 notice
801 notice New [31mmajor[39m version of npm available! [31m10.9.8[39m -> [34m12.0.2[39m
801 notice Changelog: [34mhttps://github.com/npm/cli/releases/tag/v12.0.2[39m
801 notice To update run: [4mnpm install -g npm@12.0.2[24m
801 notice  { force: true, [Symbol(proc-log.meta)]: true }
802 verbose exit 0
803 info ok
